feature_name,source_column_inferred,engineering_family_if_available,importance_mean,importance_std,rank,timestamp,interpretation_note
numeric__IRI_mean_x,IRI_mean_x,baseline_condition,34.41388869020685,1.0422956706263322,1,2026-07-31T07:30:16.576058+00:00,Baseline roughness; conditionally valid only under _x-before-_y temporal assumption.
numeric__AADT_Combination_mean_x,AADT_Combination_mean_x,traffic_loading,1.387937673037954,0.2546826481975173,2,2026-07-31T07:30:16.576058+00:00,Traffic/loading exposure feature; truck and volume effects are pavement deterioration drivers.
numeric__Cracking_Percent_mean_x,Cracking_Percent_mean_x,baseline_condition,0.8481940616911373,0.1228668797307949,3,2026-07-31T07:30:16.576058+00:00,Baseline pavement condition/distress feature; plausible path-dependent predictor of future IRI.
numeric__Rutting_mean_x,Rutting_mean_x,baseline_condition,0.5474525419303706,0.1157287526244853,4,2026-07-31T07:30:16.576058+00:00,Baseline pavement condition/distress feature; plausible path-dependent predictor of future IRI.
numeric__Base_Thickness_mean_x,Base_Thickness_mean_x,structure_materials,0.536234187964521,0.2147496876888498,5,2026-07-31T07:30:16.576058+00:00,Pavement structure/material feature; structural capacity and pavement type affect roughness progression.
numeric__Age_x,Age_x,treatment_history,0.4101671478098815,0.1897852801888918,6,2026-07-31T07:30:16.576058+00:00,Age/history feature; age is relevant but its agency definition should be confirmed.
numeric__RHU_AV_x,RHU_AV_x,climate_environment,0.3864028008465648,0.1009815901819183,7,2026-07-31T07:30:16.576058+00:00,"Climate/environment feature; freeze-thaw, moisture, precipitation, and temperature affect deterioration."
numeric__AADT_mean_x,AADT_mean_x,traffic_loading,0.3708584945868672,0.3551433149578071,8,2026-07-31T07:30:16.576058+00:00,Traffic/loading exposure feature; truck and volume effects are pavement deterioration drivers.
numeric__TEMP_AVG_x,TEMP_AVG_x,climate_environment,0.2971360020922944,0.0812494123285476,9,2026-07-31T07:30:16.576058+00:00,"Climate/environment feature; freeze-thaw, moisture, precipitation, and temperature affect deterioration."
numeric__FRZ_IDX_x,FRZ_IDX_x,climate_environment,0.2554780948727916,0.1302913413892746,10,2026-07-31T07:30:16.576058+00:00,"Climate/environment feature; freeze-thaw, moisture, precipitation, and temperature affect deterioration."
categorical__Urban_Type_rural,Urban_Type,functional_context,0.2441836879786155,0.106262870154523,11,2026-07-31T07:30:16.576058+00:00,Functional/context feature; captures asset-management class and urban/rural operating context.
numeric__PRECIPITATION_x,PRECIPITATION_x,climate_environment,0.207854031852278,0.1476567540312719,12,2026-07-31T07:30:16.576058+00:00,"Climate/environment feature; freeze-thaw, moisture, precipitation, and temperature affect deterioration."
categorical__F_System_mode_1,F_System_mode,functional_context,0.1497112995361334,0.0393849910904703,13,2026-07-31T07:30:16.576058+00:00,Functional/context feature; captures asset-management class and urban/rural operating context.
numeric__Last_Overlay_Thickness_mean_x,Last_Overlay_Thickness_mean_x,structure_materials,0.1435746092527772,0.0614107153672168,14,2026-07-31T07:30:16.576058+00:00,Pavement structure/material feature; structural capacity and pavement type affect roughness progression.
categorical__F_System_mode_2,F_System_mode,functional_context,0.125966678538634,0.0324935124085885,15,2026-07-31T07:30:16.576058+00:00,Functional/context feature; captures asset-management class and urban/rural operating context.
categorical__Surface_Type_mode_2,Surface_Type_mode,structure_materials,0.1217452680144528,0.0453085818968787,16,2026-07-31T07:30:16.576058+00:00,Pavement structure/material feature; structural capacity and pavement type affect roughness progression.
categorical__Surface_Type_mode_6,Surface_Type_mode,structure_materials,0.1102275508968539,0.0480154413067287,17,2026-07-31T07:30:16.576058+00:00,Pavement structure/material feature; structural capacity and pavement type affect roughness progression.
categorical__Base_Type_mode_x_3,Base_Type_mode_x,structure_materials,0.0895235013227647,0.0738507893017126,18,2026-07-31T07:30:16.576058+00:00,Pavement structure/material feature; structural capacity and pavement type affect roughness progression.
numeric__Thickness_Flexible_mean_x,Thickness_Flexible_mean_x,structure_materials,0.0598477234931024,0.0808759238699147,19,2026-07-31T07:30:16.576058+00:00,Pavement structure/material feature; structural capacity and pavement type affect roughness progression.
numeric__Thickness_Rigid_mean_x,Thickness_Rigid_mean_x,structure_materials,0.0582158431382765,0.0158499522843635,20,2026-07-31T07:30:16.576058+00:00,Pavement structure/material feature; structural capacity and pavement type affect roughness progression.
categorical__Surface_Type_mode_7,Surface_Type_mode,structure_materials,0.0542806465583723,0.0172484490306031,21,2026-07-31T07:30:16.576058+00:00,Pavement structure/material feature; structural capacity and pavement type affect roughness progression.
categorical__F_System_mode_4,F_System_mode,functional_context,0.0536795270333268,0.0623534496666844,22,2026-07-31T07:30:16.576058+00:00,Functional/context feature; captures asset-management class and urban/rural operating context.
categorical__Urban_Type_urban,Urban_Type,functional_context,0.0524892477403142,0.0340844151858568,23,2026-07-31T07:30:16.576058+00:00,Functional/context feature; captures asset-management class and urban/rural operating context.
numeric__AADT_Single_Unit_mean_x,AADT_Single_Unit_mean_x,traffic_loading,0.0449239914067522,0.1298424386152071,24,2026-07-31T07:30:16.576058+00:00,Traffic/loading exposure feature; truck and volume effects are pavement deterioration drivers.
categorical__Surface_Type_mode_3,Surface_Type_mode,structure_materials,0.0123157811427965,0.0034079820890841,25,2026-07-31T07:30:16.576058+00:00,Pavement structure/material feature; structural capacity and pavement type affect roughness progression.
numeric__Faulting_mean_x,Faulting_mean_x,baseline_condition,0.0120385540059931,0.0021416607307969,26,2026-07-31T07:30:16.576058+00:00,Baseline pavement condition/distress feature; plausible path-dependent predictor of future IRI.
categorical__Base_Type_mode_x_5,Base_Type_mode_x,structure_materials,-0.0005717407646219,0.0119525577237842,27,2026-07-31T07:30:16.576058+00:00,Pavement structure/material feature; structural capacity and pavement type affect roughness progression.
categorical__F_System_mode_3,F_System_mode,functional_context,-0.0058949766415459,0.0098559540386797,28,2026-07-31T07:30:16.576058+00:00,Functional/context feature; captures asset-management class and urban/rural operating context.
categorical__Base_Type_mode_x_2,Base_Type_mode_x,structure_materials,-0.0074720888858418,0.0128925667979173,29,2026-07-31T07:30:16.576058+00:00,Pavement structure/material feature; structural capacity and pavement type affect roughness progression.
categorical__Urban_Type_small urban,Urban_Type,functional_context,-0.0080754667292602,0.0065593150576441,30,2026-07-31T07:30:16.576058+00:00,Functional/context feature; captures asset-management class and urban/rural operating context.
categorical__F_System_mode_5,F_System_mode,functional_context,-0.0216088372901566,0.0102459380857893,31,2026-07-31T07:30:16.576058+00:00,Functional/context feature; captures asset-management class and urban/rural operating context.
categorical__F_System_mode_6,F_System_mode,functional_context,-0.0311964449183715,0.0102523184550309,32,2026-07-31T07:30:16.576058+00:00,Functional/context feature; captures asset-management class and urban/rural operating context.
