audit_row_id,modeling_ready_row_position,split
3265,3265,train
2859,2859,train
4692,4692,train
5694,5694,train
3105,3105,train
203,203,train
339,339,train
837,837,train
4209,4209,train
387,387,train
4393,4393,train
2402,2402,train
4477,4477,train
4860,4860,train
4195,4195,train
2792,2792,train
1554,1554,train
2083,2083,train
1421,1421,train
5363,5363,train
677,677,train
1335,1335,train
2894,2894,train
1743,1743,train
61,61,train
5364,5364,train
3907,3907,train
2063,2063,train
3703,3703,train
1212,1212,train
3816,3816,train
5252,5252,train
4647,4647,train
2445,2445,train
4247,4247,train
4508,4508,train
4362,4362,train
1268,1268,train
733,733,train
3724,3724,train
4395,4395,train
4921,4921,train
4959,4959,train
5038,5038,train
527,527,train
1544,1544,train
5002,5002,train
4573,4573,train
2721,2721,train
1483,1483,train
803,803,train
857,857,train
1281,1281,train
2763,2763,train
5702,5702,train
4522,4522,train
2897,2897,train
219,219,train
5006,5006,train
1115,1115,train
582,582,train
5429,5429,train
43,43,train
5381,5381,train
2495,2495,train
4478,4478,train
5075,5075,train
1224,1224,train
2611,2611,train
1071,1071,train
718,718,train
4951,4951,train
2284,2284,train
670,670,train
5152,5152,train
2893,2893,train
3450,3450,train
3439,3439,train
897,897,train
95,95,train
4552,4552,train
4865,4865,train
842,842,train
4554,4554,train
2522,2522,train
5464,5464,train
2440,2440,train
1897,1897,train
1864,1864,train
4897,4897,train
322,322,train
4205,4205,train
5115,5115,train
2940,2940,train
334,334,train
2464,2464,train
332,332,train
833,833,train
2364,2364,train
4942,4942,train
3163,3163,train
5643,5643,train
3033,3033,train
731,731,train
291,291,train
184,184,train
3049,3049,train
1721,1721,train
3316,3316,train
533,533,train
2644,2644,train
1323,1323,train
1859,1859,train
4489,4489,train
657,657,train
1255,1255,train
2347,2347,train
2330,2330,train
2314,2314,train
2418,2418,train
898,898,train
428,428,train
3895,3895,train
4584,4584,train
1732,1732,train
1978,1978,train
1222,1222,train
1513,1513,train
5598,5598,train
3844,3844,train
3904,3904,train
4355,4355,train
2577,2577,train
4605,4605,train
2288,2288,train
1717,1717,train
4775,4775,train
5758,5758,train
5236,5236,train
4790,4790,train
1728,1728,train
2437,2437,train
5528,5528,train
4574,4574,train
2024,2024,train
2970,2970,train
2447,2447,train
3624,3624,train
1126,1126,train
2847,2847,train
1561,1561,train
3908,3908,train
1292,1292,train
70,70,train
2244,2244,train
1305,1305,train
3145,3145,train
5246,5246,train
4012,4012,train
3916,3916,train
831,831,train
3404,3404,train
4989,4989,train
4856,4856,train
238,238,train
2462,2462,train
2053,2053,train
2351,2351,train
2323,2323,train
1505,1505,train
3214,3214,train
1001,1001,train
4305,4305,train
5047,5047,train
2127,2127,train
3832,3832,train
957,957,train
3550,3550,train
4521,4521,train
1397,1397,train
1467,1467,train
411,411,train
5271,5271,train
5567,5567,train
1539,1539,train
1436,1436,train
3968,3968,train
4602,4602,train
1034,1034,train
3227,3227,train
4534,4534,train
931,931,train
5288,5288,train
5543,5543,train
633,633,train
3181,3181,train
498,498,train
2505,2505,train
415,415,train
2173,2173,train
5649,5649,train
2191,2191,train
1665,1665,train
757,757,train
5113,5113,train
1041,1041,train
4883,4883,train
4634,4634,train
2895,2895,train
3942,3942,train
596,596,train
2339,2339,train
1068,1068,train
3237,3237,train
3323,3323,train
652,652,train
5140,5140,train
4649,4649,train
3877,3877,train
1670,1670,train
4724,4724,train
3456,3456,train
5481,5481,train
4329,4329,train
75,75,train
3995,3995,train
4523,4523,train
4886,4886,train
3634,3634,train
5327,5327,train
5542,5542,train
4403,4403,train
2317,2317,train
4944,4944,train
1010,1010,train
1029,1029,train
2034,2034,train
828,828,train
2523,2523,train
1564,1564,train
96,96,train
2882,2882,train
4443,4443,train
5482,5482,train
3796,3796,train
1200,1200,train
621,621,train
566,566,train
543,543,train
1334,1334,train
3547,3547,train
51,51,train
4879,4879,train
5396,5396,train
4121,4121,train
745,745,train
4162,4162,train
1729,1729,train
3612,3612,train
195,195,train
2146,2146,train
1672,1672,train
3528,3528,train
802,802,train
3977,3977,train
620,620,train
1504,1504,train
3921,3921,train
3384,3384,train
5448,5448,train
5296,5296,train
1700,1700,train
644,644,train
1737,1737,train
4340,4340,train
4742,4742,train
3539,3539,train
3800,3800,train
120,120,train
2722,2722,train
3757,3757,train
3892,3892,train
5782,5782,train
2860,2860,train
1230,1230,train
2574,2574,train
3240,3240,train
2177,2177,train
3017,3017,train
134,134,train
4020,4020,train
2405,2405,train
3393,3393,train
2874,2874,train
1840,1840,train
5520,5520,train
511,511,train
62,62,train
3520,3520,train
5042,5042,train
2072,2072,train
4224,4224,train
4302,4302,train
3441,3441,train
1211,1211,train
122,122,train
3038,3038,train
3808,3808,train
3248,3248,train
2963,2963,train
1210,1210,train
567,567,train
5108,5108,train
548,548,train
864,864,train
4385,4385,train
1392,1392,train
4480,4480,train
3247,3247,train
1782,1782,train
4640,4640,train
720,720,train
5154,5154,train
3824,3824,train
690,690,train
602,602,train
1699,1699,train
4081,4081,train
4693,4693,train
2414,2414,train
1832,1832,train
4349,4349,train
318,318,train
5046,5046,train
1558,1558,train
274,274,train
4984,4984,train
1361,1361,train
2209,2209,train
5036,5036,train
3288,3288,train
3620,3620,train
3604,3604,train
3161,3161,train
945,945,train
4559,4559,train
5589,5589,train
295,295,train
1600,1600,train
2868,2868,train
298,298,train
68,68,train
4240,4240,train
736,736,train
2985,2985,train
3023,3023,train
3403,3403,train
1813,1813,train
3785,3785,train
150,150,train
756,756,train
4037,4037,train
3360,3360,train
5283,5283,train
3053,3053,train
5139,5139,train
4810,4810,train
376,376,train
3279,3279,train
859,859,train
2031,2031,train
3761,3761,train
5259,5259,train
378,378,train
4352,4352,train
1294,1294,train
1945,1945,train
1432,1432,train
3207,3207,train
5102,5102,train
2746,2746,train
1747,1747,train
3014,3014,train
5791,5791,train
3309,3309,train
841,841,train
2845,2845,train
1189,1189,train
175,175,train
2377,2377,train
927,927,train
3039,3039,train
45,45,train
1260,1260,train
1096,1096,train
3829,3829,train
5500,5500,train
4207,4207,train
4925,4925,train
4154,4154,train
1030,1030,train
5198,5198,train
300,300,train
3479,3479,train
1472,1472,train
283,283,train
5471,5471,train
2313,2313,train
4829,4829,train
3126,3126,train
3080,3080,train
3897,3897,train
1803,1803,train
4557,4557,train
5386,5386,train
4418,4418,train
1957,1957,train
2124,2124,train
4011,4011,train
5757,5757,train
3296,3296,train
5630,5630,train
4609,4609,train
2022,2022,train
5281,5281,train
257,257,train
507,507,train
3125,3125,train
99,99,train
2758,2758,train
744,744,train
1870,1870,train
5367,5367,train
1375,1375,train
4541,4541,train
2559,2559,train
2977,2977,train
1157,1157,train
4217,4217,train
2694,2694,train
4741,4741,train
1437,1437,train
366,366,train
2099,2099,train
3149,3149,train
1934,1934,train
4487,4487,train
3353,3353,train
949,949,train
3699,3699,train
19,19,train
229,229,train
3992,3992,train
668,668,train
218,218,train
4840,4840,train
3758,3758,train
4591,4591,train
3807,3807,train
4238,4238,train
585,585,train
2998,2998,train
4939,4939,train
5330,5330,train
4157,4157,train
777,777,train
5061,5061,train
1018,1018,train
1606,1606,train
3833,3833,train
2986,2986,train
1491,1491,train
1756,1756,train
4941,4941,train
4725,4725,train
2910,2910,train
4335,4335,train
3012,3012,train
1593,1593,train
517,517,train
2018,2018,train
5456,5456,train
2549,2549,train
5474,5474,train
217,217,train
3689,3689,train
4299,4299,train
360,360,train
4631,4631,train
3116,3116,train
2809,2809,train
1052,1052,train
5299,5299,train
759,759,train
4510,4510,train
4486,4486,train
1426,1426,train
3780,3780,train
3939,3939,train
214,214,train
1614,1614,train
4803,4803,train
3614,3614,train
1773,1773,train
4516,4516,train
4196,4196,train
2892,2892,train
3473,3473,train
196,196,train
4857,4857,train
2333,2333,train
1512,1512,train
3770,3770,train
4538,4538,train
1056,1056,train
2304,2304,train
887,887,train
2170,2170,train
3960,3960,train
3285,3285,train
568,568,train
4526,4526,train
3386,3386,train
5774,5774,train
1951,1951,train
139,139,train
2877,2877,train
2133,2133,train
2890,2890,train
1149,1149,train
2264,2264,train
2732,2732,train
2647,2647,train
463,463,train
5322,5322,train
5754,5754,train
4819,4819,train
594,594,train
2873,2873,train
4993,4993,train
450,450,train
3322,3322,train
4384,4384,train
518,518,train
4434,4434,train
1780,1780,train
2627,2627,train
1831,1831,train
5573,5573,train
3570,3570,train
1174,1174,train
2240,2240,train
451,451,train
4870,4870,train
2787,2787,train
3950,3950,train
4684,4684,train
1578,1578,train
3866,3866,train
1615,1615,train
4198,4198,train
3653,3653,train
3211,3211,train
1263,1263,train
5430,5430,train
999,999,train
3513,3513,train
5106,5106,train
4098,4098,train
1476,1476,train
192,192,train
4535,4535,train
5219,5219,train
4834,4834,train
2229,2229,train
4890,4890,train
5125,5125,train
1338,1338,train
5148,5148,train
3379,3379,train
2617,2617,train
5074,5074,train
1293,1293,train
4359,4359,train
5189,5189,train
3574,3574,train
2484,2484,train
5590,5590,train
3927,3927,train
368,368,train
3395,3395,train
1151,1151,train
5122,5122,train
3764,3764,train
2195,2195,train
4997,4997,train
3320,3320,train
5703,5703,train
191,191,train
3203,3203,train
108,108,train
174,174,train
3132,3132,train
5609,5609,train
1598,1598,train
1360,1360,train
1860,1860,train
5662,5662,train
5045,5045,train
5644,5644,train
2633,2633,train
3889,3889,train
1164,1164,train
3567,3567,train
476,476,train
1876,1876,train
4317,4317,train
4139,4139,train
1616,1616,train
312,312,train
4010,4010,train
508,508,train
166,166,train
2153,2153,train
3862,3862,train
2104,2104,train
1024,1024,train
1221,1221,train
3437,3437,train
1119,1119,train
103,103,train
5216,5216,train
4257,4257,train
4505,4505,train
2929,2929,train
5608,5608,train
3838,3838,train
1752,1752,train
5176,5176,train
2181,2181,train
3745,3745,train
4015,4015,train
5305,5305,train
1658,1658,train
152,152,train
2410,2410,train
3346,3346,train
1583,1583,train
5438,5438,train
2656,2656,train
725,725,train
3165,3165,train
1503,1503,train
2802,2802,train
2387,2387,train
3786,3786,train
1879,1879,train
5585,5585,train
4113,4113,train
5346,5346,train
31,31,train
1225,1225,train
937,937,train
1822,1822,train
2110,2110,train
4471,4471,train
752,752,train
2843,2843,train
309,309,train
3246,3246,train
4935,4935,train
503,503,train
3454,3454,train
4922,4922,train
3874,3874,train
5582,5582,train
3794,3794,train
495,495,train
1405,1405,train
4102,4102,train
205,205,train
1434,1434,train
1135,1135,train
3527,3527,train
868,868,train
701,701,train
3841,3841,train
305,305,train
2570,2570,train
1192,1192,train
5242,5242,train
4527,4527,train
1534,1534,train
1061,1061,train
843,843,train
2776,2776,train
3588,3588,train
2366,2366,train
4410,4410,train
1538,1538,train
211,211,train
1340,1340,train
1108,1108,train
3475,3475,train
4518,4518,train
679,679,train
2168,2168,train
5062,5062,train
2698,2698,train
3869,3869,train
565,565,train
2086,2086,train
2404,2404,train
1532,1532,train
5518,5518,train
680,680,train
5612,5612,train
180,180,train
3509,3509,train
2077,2077,train
3070,3070,train
4940,4940,train
278,278,train
4894,4894,train
3631,3631,train
1204,1204,train
2232,2232,train
432,432,train
289,289,train
5030,5030,train
1027,1027,train
535,535,train
1559,1559,train
993,993,train
1187,1187,train
188,188,train
2876,2876,train
5633,5633,train
2412,2412,train
4063,4063,train
706,706,train
4001,4001,train
270,270,train
4778,4778,train
4731,4731,train
2517,2517,train
2650,2650,train
4801,4801,train
2087,2087,train
4502,4502,train
111,111,train
1170,1170,train
1391,1391,train
2594,2594,train
220,220,train
4675,4675,train
627,627,train
4888,4888,train
3011,3011,train
83,83,train
3208,3208,train
790,790,train
2654,2654,train
461,461,train
5097,5097,train
5490,5490,train
551,551,train
1964,1964,train
2917,2917,train
4022,4022,train
198,198,train
5470,5470,train
3768,3768,train
402,402,train
4969,4969,train
4049,4049,train
4876,4876,train
5522,5522,train
2687,2687,train
3541,3541,train
5404,5404,train
650,650,train
4638,4638,train
708,708,train
3933,3933,train
5227,5227,train
3332,3332,train
5112,5112,train
5413,5413,train
2436,2436,train
1424,1424,train
1216,1216,train
4839,4839,train
1924,1924,train
2550,2550,train
4664,4664,train
1738,1738,train
314,314,train
3270,3270,train
2187,2187,train
4545,4545,train
1427,1427,train
4466,4466,train
4032,4032,train
5186,5186,train
4095,4095,train
113,113,train
960,960,train
4581,4581,train
2996,2996,train
1114,1114,train
4262,4262,train
5800,5800,train
3822,3822,train
684,684,train
4653,4653,train
4327,4327,train
5247,5247,train
1881,1881,train
2312,2312,train
3471,3471,train
2972,2972,train
1634,1634,train
2815,2815,train
5769,5769,train
5231,5231,train
2609,2609,train
2115,2115,train
1858,1858,train
2095,2095,train
326,326,train
604,604,train
5389,5389,train
1695,1695,train
4371,4371,train
4350,4350,train
3410,3410,train
5012,5012,train
2094,2094,train
4889,4889,train
3966,3966,train
1288,1288,train
2154,2154,train
3784,3784,train
2409,2409,train
3534,3534,train
3989,3989,train
2829,2829,train
348,348,train
3162,3162,train
2463,2463,train
3551,3551,train
789,789,train
1626,1626,train
5753,5753,train
2753,2753,train
2287,2287,train
321,321,train
871,871,train
2765,2765,train
169,169,train
3220,3220,train
2004,2004,train
4258,4258,train
2700,2700,train
1961,1961,train
5626,5626,train
1535,1535,train
2670,2670,train
4546,4546,train
5270,5270,train
73,73,train
420,420,train
4048,4048,train
2167,2167,train
5532,5532,train
92,92,train
1877,1877,train
5297,5297,train
1623,1623,train
3047,3047,train
4578,4578,train
4691,4691,train
3815,3815,train
3370,3370,train
3697,3697,train
2218,2218,train
494,494,train
4490,4490,train
2900,2900,train
4626,4626,train
1270,1270,train
5756,5756,train
2759,2759,train
4789,4789,train
618,618,train
4962,4962,train
2480,2480,train
2380,2380,train
2943,2943,train
4577,4577,train
1413,1413,train
3010,3010,train
4325,4325,train
869,869,train
2006,2006,train
4567,4567,train
356,356,train
1162,1162,train
4400,4400,train
3398,3398,train
5716,5716,train
1890,1890,train
579,579,train
5622,5622,train
1691,1691,train
862,862,train
3739,3739,train
4060,4060,train
5670,5670,train
1116,1116,train
1541,1541,train
4148,4148,train
4643,4643,train
5792,5792,train
4040,4040,train
5123,5123,train
5138,5138,train
5705,5705,train
2503,2503,train
5533,5533,train
2275,2275,train
5563,5563,train
2052,2052,train
1776,1776,train
3050,3050,train
4153,4153,train
1592,1592,train
1723,1723,train
4536,4536,train
5129,5129,train
490,490,train
5687,5687,train
1006,1006,train
2937,2937,train
3722,3722,train
1417,1417,train
25,25,train
1113,1113,train
3378,3378,train
1552,1552,train
4955,4955,train
5798,5798,train
433,433,train
5681,5681,train
2619,2619,train
3749,3749,train
4986,4986,train
3648,3648,train
3680,3680,train
4304,4304,train
2819,2819,train
3856,3856,train
1102,1102,train
2827,2827,train
5794,5794,train
194,194,train
615,615,train
643,643,train
4041,4041,train
2276,2276,train
4903,4903,train
330,330,train
3491,3491,train
5614,5614,train
3082,3082,train
483,483,train
4586,4586,train
4002,4002,train
2059,2059,train
3649,3649,train
32,32,train
3881,3881,train
4563,4563,train
3257,3257,train
1444,1444,train
2316,2316,train
5655,5655,train
1705,1705,train
2233,2233,train
2406,2406,train
3809,3809,train
1401,1401,train
3123,3123,train
170,170,train
540,540,train
4071,4071,train
5436,5436,train
2600,2600,train
2534,2534,train
674,674,train
5089,5089,train
3001,3001,train
1815,1815,train
3544,3544,train
2100,2100,train
2916,2916,train
4885,4885,train
2101,2101,train
4912,4912,train
2615,2615,train
1548,1548,train
2225,2225,train
355,355,train
2328,2328,train
4126,4126,train
3166,3166,train
5668,5668,train
4125,4125,train
1051,1051,train
3319,3319,train
4025,4025,train
1751,1751,train
2298,2298,train
1772,1772,train
1196,1196,train
1878,1878,train
2016,2016,train
2005,2005,train
3806,3806,train
1482,1482,train
328,328,train
648,648,train
5245,5245,train
1123,1123,train
2589,2589,train
4556,4556,train
2662,2662,train
2945,2945,train
5184,5184,train
1259,1259,train
5405,5405,train
4628,4628,train
5158,5158,train
1519,1519,train
1378,1378,train
4229,4229,train
1023,1023,train
2685,2685,train
5775,5775,train
2407,2407,train
912,912,train
5796,5796,train
1675,1675,train
1746,1746,train
4698,4698,train
1736,1736,train
1629,1629,train
3932,3932,train
430,430,train
1808,1808,train
4509,4509,train
3985,3985,train
4075,4075,train
3252,3252,train
5726,5726,train
2222,2222,train
4898,4898,train
3013,3013,train
5596,5596,train
3402,3402,train
5149,5149,train
1995,1995,train
2966,2966,train
2224,2224,train
1106,1106,train
3793,3793,train
818,818,train
3803,3803,train
4901,4901,train
1697,1697,train
2369,2369,train
136,136,train
4386,4386,train
2924,2924,train
5141,5141,train
1180,1180,train
3209,3209,train
888,888,train
2384,2384,train
2704,2704,train
817,817,train
1111,1111,train
4274,4274,train
4690,4690,train
1264,1264,train
990,990,train
3603,3603,train
1739,1739,train
3482,3482,train
353,353,train
4417,4417,train
2292,2292,train
4035,4035,train
1489,1489,train
5647,5647,train
1228,1228,train
3617,3617,train
5495,5495,train
52,52,train
5004,5004,train
4826,4826,train
3101,3101,train
3409,3409,train
1589,1589,train
1479,1479,train
1469,1469,train
2864,2864,train
2078,2078,train
4500,4500,train
5712,5712,train
2420,2420,train
436,436,train
4714,4714,train
1588,1588,train
4399,4399,train
1590,1590,train
5031,5031,train
973,973,train
1238,1238,train
2306,2306,train
4174,4174,train
4952,4952,train
2231,2231,train
2350,2350,train
1497,1497,train
449,449,train
3143,3143,train
5207,5207,train
3688,3688,train
1551,1551,train
5143,5143,train
1146,1146,train
3489,3489,train
2092,2092,train
1313,1313,train
2015,2015,train
3048,3048,train
2543,2543,train
2807,2807,train
3994,3994,train
4760,4760,train
413,413,train
941,941,train
801,801,train
2337,2337,train
3967,3967,train
256,256,train
5688,5688,train
2235,2235,train
647,647,train
1767,1767,train
3893,3893,train
4674,4674,train
3615,3615,train
2450,2450,train
24,24,train
1088,1088,train
2646,2646,train
3625,3625,train
112,112,train
2311,2311,train
2582,2582,train
56,56,train
1309,1309,train
695,695,train
4215,4215,train
1227,1227,train
3964,3964,train
276,276,train
2481,2481,train
1833,1833,train
682,682,train
5508,5508,train
5137,5137,train
1137,1137,train
3504,3504,train
3235,3235,train
4376,4376,train
3197,3197,train
1346,1346,train
2671,2671,train
2751,2751,train
5514,5514,train
3666,3666,train
4391,4391,train
3034,3034,train
2432,2432,train
3035,3035,train
3336,3336,train
3334,3334,train
4822,4822,train
4762,4762,train
81,81,train
1972,1972,train
1714,1714,train
2603,2603,train
5797,5797,train
1946,1946,train
3787,3787,train
4030,4030,train
1610,1610,train
4766,4766,train
2699,2699,train
3026,3026,train
5666,5666,train
5110,5110,train
665,665,train
2194,2194,train
3483,3483,train
4932,4932,train
1017,1017,train
557,557,train
3560,3560,train
3938,3938,train
1207,1207,train
2678,2678,train
3685,3685,train
1510,1510,train
3442,3442,train
4756,4756,train
3801,3801,train
266,266,train
3721,3721,train
3128,3128,train
2111,2111,train
5768,5768,train
1909,1909,train
4291,4291,train
3646,3646,train
4077,4077,train
3720,3720,train
5605,5605,train
1784,1784,train
1237,1237,train
4825,4825,train
3074,3074,train
5721,5721,train
2186,2186,train
3221,3221,train
908,908,train
1303,1303,train
5416,5416,train
1627,1627,train
1522,1522,train
835,835,train
358,358,train
138,138,train
299,299,train
1556,1556,train
1003,1003,train
382,382,train
2905,2905,train
761,761,train
4758,4758,train
3077,3077,train
2915,2915,train
4687,4687,train
3870,3870,train
1402,1402,train
4833,4833,train
5081,5081,train
1932,1932,train
4310,4310,train
2706,2706,train
4619,4619,train
4954,4954,train
3825,3825,train
3616,3616,train
58,58,train
76,76,train
796,796,train
2416,2416,train
2788,2788,train
4235,4235,train
785,785,train
2707,2707,train
5273,5273,train
2217,2217,train
2596,2596,train
2456,2456,train
3274,3274,train
5262,5262,train
4472,4472,train
910,910,train
2172,2172,train
3286,3286,train
2309,2309,train
5433,5433,train
1257,1257,train
4366,4366,train
3931,3931,train
1178,1178,train
5250,5250,train
4734,4734,train
442,442,train
5119,5119,train
2836,2836,train
3076,3076,train
5529,5529,train
1054,1054,train
2488,2488,train
4442,4442,train
2842,2842,train
1415,1415,train
2372,2372,train
4080,4080,train
2775,2775,train
4919,4919,train
5077,5077,train
4868,4868,train
1502,1502,train
3563,3563,train
4128,4128,train
2011,2011,train
4390,4390,train
2865,2865,train
4676,4676,train
4377,4377,train
5214,5214,train
6,6,train
2487,2487,train
678,678,train
1943,1943,train
3470,3470,train
5335,5335,train
3107,3107,train
4448,4448,train
3326,3326,train
5332,5332,train
1064,1064,train
3982,3982,train
2242,2242,train
1474,1474,train
5723,5723,train
1889,1889,train
3226,3226,train
2021,2021,train
4562,4562,train
4003,4003,train
2467,2467,train
5473,5473,train
1130,1130,train
1461,1461,train
2941,2941,train
5700,5700,train
3381,3381,train
3529,3529,train
222,222,train
5377,5377,train
48,48,train
573,573,train
1236,1236,train
4407,4407,train
5619,5619,train
5210,5210,train
2282,2282,train
5617,5617,train
267,267,train
1104,1104,train
2305,2305,train
4561,4561,train
1935,1935,train
386,386,train
1701,1701,train
4093,4093,train
5368,5368,train
2789,2789,train
5071,5071,train
1563,1563,train
3340,3340,train
209,209,train
909,909,train
1289,1289,train
4374,4374,train
3601,3601,train
1842,1842,train
2497,2497,train
4740,4740,train
3396,3396,train
958,958,train
1793,1793,train
2088,2088,train
331,331,train
3114,3114,train
3626,3626,train
2794,2794,train
2459,2459,train
1774,1774,train
4043,4043,train
3142,3142,train
4100,4100,train
4707,4707,train
2680,2680,train
5418,5418,train
4861,4861,train
1710,1710,train
4657,4657,train
2478,2478,train
1366,1366,train
173,173,train
3773,3773,train
4267,4267,train
2705,2705,train
5309,5309,train
1952,1952,train
3366,3366,train
3133,3133,train
2036,2036,train
5428,5428,train
4248,4248,train
3934,3934,train
0,0,train
2174,2174,train
1356,1356,train
4313,4313,train
5274,5274,train
2948,2948,train
396,396,train
4354,4354,train
3121,3121,train
1812,1812,train
3875,3875,train
5527,5527,train
816,816,train
1572,1572,train
4013,4013,train
1800,1800,train
2280,2280,train
3497,3497,train
4587,4587,train
4381,4381,train
3064,3064,train
4999,4999,train
3607,3607,train
3774,3774,train
3090,3090,train
4004,4004,train
4149,4149,train
554,554,train
1159,1159,train
1213,1213,train
2922,2922,train
1325,1325,train
3066,3066,train
3129,3129,train
700,700,train
4144,4144,train
4065,4065,train
4254,4254,train
1455,1455,train
4852,4852,train
2754,2754,train
5574,5574,train
866,866,train
1644,1644,train
2140,2140,train
3733,3733,train
5566,5566,train
1490,1490,train
2879,2879,train
729,729,train
3592,3592,train
3269,3269,train
2620,2620,train
1936,1936,train
3792,3792,train
1110,1110,train
4710,4710,train
5182,5182,train
2394,2394,train
1185,1185,train
2007,2007,train
193,193,train
1515,1515,train
578,578,train
2123,2123,train
1429,1429,train
771,771,train
3341,3341,train
2395,2395,train
5742,5742,train
1846,1846,train
131,131,train
178,178,train
5382,5382,train
3558,3558,train
3477,3477,train
2580,2580,train
3383,3383,train
3135,3135,train
5488,5488,train
3467,3467,train
2073,2073,train
658,658,train
1896,1896,train
4259,4259,train
3795,3795,train
2221,2221,train
5491,5491,train
2379,2379,train
1447,1447,train
342,342,train
3362,3362,train
2527,2527,train
727,727,train
5497,5497,train
976,976,train
5648,5648,train
3941,3941,train
1928,1928,train
4761,4761,train
5568,5568,train
1299,1299,train
3961,3961,train
5324,5324,train
660,660,train
1790,1790,train
3167,3167,train
3682,3682,train
3937,3937,train
2903,2903,train
5349,5349,train
5658,5658,train
3573,3573,train
5337,5337,train
1085,1085,train
5476,5476,train
694,694,train
1278,1278,train
5512,5512,train
1621,1621,train
2561,2561,train
3997,3997,train
3742,3742,train
67,67,train
3411,3411,train
2812,2812,train
2269,2269,train
4055,4055,train
4568,4568,train
820,820,train
1226,1226,train
4283,4283,train
4844,4844,train
2367,2367,train
5378,5378,train
3628,3628,train
2512,2512,train
5166,5166,train
4936,4936,train
5627,5627,train
1143,1143,train
397,397,train
3846,3846,train
4971,4971,train
3650,3650,train
1398,1398,train
1659,1659,train
2220,2220,train
979,979,train
2331,2331,train
1298,1298,train
4543,4543,train
82,82,train
4091,4091,train
3253,3253,train
4531,4531,train
3671,3671,train
4564,4564,train
4958,4958,train
423,423,train
5432,5432,train
1904,1904,train
5257,5257,train
1530,1530,train
4103,4103,train
1565,1565,train
4284,4284,train
2749,2749,train
839,839,train
500,500,train
4668,4668,train
141,141,train
5103,5103,train
2605,2605,train
1377,1377,train
4504,4504,train
5684,5684,train
2266,2266,train
2835,2835,train
1138,1138,train
2257,2257,train
3361,3361,train
1787,1787,train
3392,3392,train
550,550,train
459,459,train
2019,2019,train
948,948,train
3000,3000,train
2913,2913,train
532,532,train
3589,3589,train
1829,1829,train
3858,3858,train
5117,5117,train
4625,4625,train
4532,4532,train
1602,1602,train
2238,2238,train
639,639,train
5599,5599,train
967,967,train
4899,4899,train
5706,5706,train
1683,1683,train
2248,2248,train
3886,3886,train
5181,5181,train
5689,5689,train
155,155,train
2295,2295,train
3290,3290,train
3753,3753,train
1089,1089,train
3501,3501,train
2319,2319,train
4904,4904,train
288,288,train
930,930,train
4086,4086,train
5638,5638,train
3154,3154,train
3002,3002,train
5261,5261,train
5613,5613,train
3130,3130,train
5714,5714,train
942,942,train
2354,2354,train
4606,4606,train
5000,5000,train
5408,5408,train
1698,1698,train
5460,5460,train
3909,3909,train
3311,3311,train
4392,4392,train
4681,4681,train
985,985,train
3667,3667,train
4850,4850,train
2954,2954,train
5536,5536,train
981,981,train
3295,3295,train
3043,3043,train
5275,5275,train
3217,3217,train
4147,4147,train
3887,3887,train
4396,4396,train
3917,3917,train
4600,4600,train
1457,1457,train
1395,1395,train
264,264,train
2748,2748,train
3169,3169,train
2692,2692,train
929,929,train
5439,5439,train
5043,5043,train
2400,2400,train
2178,2178,train
3555,3555,train
246,246,train
1594,1594,train
1758,1758,train
5640,5640,train
4054,4054,train
923,923,train
3102,3102,train
268,268,train
669,669,train
3662,3662,train
1910,1910,train
3954,3954,train
1152,1152,train
5580,5580,train
4347,4347,train
2696,2696,train
2591,2591,train
4905,4905,train
1781,1781,train
2413,2413,train
2307,2307,train
5190,5190,train
3949,3949,train
1915,1915,train
612,612,train
4614,4614,train
2267,2267,train
2533,2533,train
39,39,train
1898,1898,train
1649,1649,train
5058,5058,train
258,258,train
2434,2434,train
847,847,train
2822,2822,train
5355,5355,train
4916,4916,train
3692,3692,train
3399,3399,train
1233,1233,train
1127,1127,train
5410,5410,train
1967,1967,train
558,558,train
904,904,train
2614,2614,train
484,484,train
2211,2211,train
1320,1320,train
3112,3112,train
2555,2555,train
7,7,train
2315,2315,train
5165,5165,train
5693,5693,train
4166,4166,train
5093,5093,train
1450,1450,train
1201,1201,train
2426,2426,train
2648,2648,train
1814,1814,train
2726,2726,train
773,773,train
2274,2274,train
1011,1011,train
3725,3725,train
4369,4369,train
1991,1991,train
1277,1277,train
1783,1783,train
4105,4105,train
446,446,train
880,880,train
5169,5169,train
2727,2727,train
781,781,train
2651,2651,train
5631,5631,train
1749,1749,train
2126,2126,train
3433,3433,train
3976,3976,train
2423,2423,train
5660,5660,train
4996,4996,train
883,883,train
3200,3200,train
1091,1091,train
4192,4192,train
4028,4028,train
531,531,train
3352,3352,train
2438,2438,train
4701,4701,train
4599,4599,train
3898,3898,train
4746,4746,train
2290,2290,train
1727,1727,train
610,610,train
570,570,train
3523,3523,train
5446,5446,train
343,343,train
5286,5286,train
636,636,train
434,434,train
1903,1903,train
97,97,train
3065,3065,train
4520,4520,train
2069,2069,train
1537,1537,train
5178,5178,train
3896,3896,train
5096,5096,train
3103,3103,train
1517,1517,train
965,965,train
5101,5101,train
528,528,train
176,176,train
2470,2470,train
4367,4367,train
3358,3358,train
4966,4966,train
572,572,train
5606,5606,train
592,592,train
4808,4808,train
3254,3254,train
2374,2374,train
5441,5441,train
4183,4183,train
3413,3413,train
2208,2208,train
5144,5144,train
2492,2492,train
4991,4991,train
383,383,train
852,852,train
1880,1880,train
370,370,train
5201,5201,train
4473,4473,train
4998,4998,train
1105,1105,train
3400,3400,train
2361,2361,train
4661,4661,train
1336,1336,train
2189,2189,train
5318,5318,train
5223,5223,train
5733,5733,train
2246,2246,train
3871,3871,train
5616,5616,train
1171,1171,train
3425,3425,train
3557,3557,train
1422,1422,train
2686,2686,train
3098,3098,train
4233,4233,train
4807,4807,train
1464,1464,train
874,874,train
2297,2297,train
2643,2643,train
3206,3206,train
5017,5017,train
1251,1251,train
3106,3106,train
840,840,train
4066,4066,train
581,581,train
204,204,train
1641,1641,train
2014,2014,train
905,905,train
631,631,train
4096,4096,train
1974,1974,train
162,162,train
4155,4155,train
4246,4246,train
5209,5209,train
4732,4732,train
617,617,train
875,875,train
1431,1431,train
2973,2973,train
3919,3919,train
547,547,train
4270,4270,train
5266,5266,train
4881,4881,train
3158,3158,train
3515,3515,train
3559,3559,train
4727,4727,train
2856,2856,train
1861,1861,train
2659,2659,train
5321,5321,train
640,640,train
4503,4503,train
3956,3956,train
5665,5665,train
637,637,train
5502,5502,train
4351,4351,train
2308,2308,train
3955,3955,train
3820,3820,train
2096,2096,train
4902,4902,train
4074,4074,train
1372,1372,train
4795,4795,train
921,921,train
546,546,train
1449,1449,train
2804,2804,train
2610,2610,train
1900,1900,train
2757,2757,train
2028,2028,train
2301,2301,train
1885,1885,train
1642,1642,train
972,972,train
5572,5572,train
2097,2097,train
5035,5035,train
4421,4421,train
5208,5208,train
5759,5759,train
836,836,train
601,601,train
2184,2184,train
4610,4610,train
3429,3429,train
4978,4978,train
1582,1582,train
5406,5406,train
4970,4970,train
3605,3605,train
1070,1070,train
1775,1775,train
5571,5571,train
1283,1283,train
4219,4219,train
4228,4228,train
5511,5511,train
1836,1836,train
4906,4906,train
1019,1019,train
970,970,train
1326,1326,train
3113,3113,train
475,475,train
2810,2810,train
4342,4342,train
1651,1651,train
5384,5384,train
4953,4953,train
2528,2528,train
5634,5634,train
3276,3276,train
3414,3414,train
1373,1373,train
739,739,train
4453,4453,train
3575,3575,train
867,867,train
2974,2974,train
1140,1140,train
997,997,train
1337,1337,train
541,541,train
1099,1099,train
1132,1132,train
5620,5620,train
3590,3590,train
2258,2258,train
4683,4683,train
2962,2962,train
59,59,train
3813,3813,train
1938,1938,train
3407,3407,train
5724,5724,train
5788,5788,train
2813,2813,train
5018,5018,train
3195,3195,train
1078,1078,train
4378,4378,train
3859,3859,train
4475,4475,train
5591,5591,train
2630,2630,train
3328,3328,train
5524,5524,train
940,940,train
1080,1080,train
187,187,train
4753,4753,train
4540,4540,train
2085,2085,train
2249,2249,train
3443,3443,train
5671,5671,train
2023,2023,train
3543,3543,train
1492,1492,train
4447,4447,train
226,226,train
1013,1013,train
2583,2583,train
1929,1929,train
4050,4050,train
5203,5203,train
1404,1404,train
2179,2179,train
697,697,train
1124,1124,train
3698,3698,train
4715,4715,train
1778,1778,train
2634,2634,train
3091,3091,train
3781,3781,train
1037,1037,train
4827,4827,train
2256,2256,train
5192,5192,train
5730,5730,train
313,313,train
2649,2649,train
2281,2281,train
4938,4938,train
5026,5026,train
2547,2547,train
1416,1416,train
1036,1036,train
2159,2159,train
2984,2984,train
3137,3137,train
4815,4815,train
1754,1754,train
4114,4114,train
3717,3717,train
3565,3565,train
5196,5196,train
2520,2520,train
873,873,train
5503,5503,train
4337,4337,train
1506,1506,train
3839,3839,train
1923,1923,train
448,448,train
3975,3975,train
3901,3901,train
5761,5761,train
3390,3390,train
361,361,train
2183,2183,train
1134,1134,train
3199,3199,train
4975,4975,train
2155,2155,train
1830,1830,train
1053,1053,train
2460,2460,train
22,22,train
2066,2066,train
1653,1653,train
3418,3418,train
4182,4182,train
2743,2743,train
3700,3700,train
4712,4712,train
2468,2468,train
2325,2325,train
460,460,train
1067,1067,train
87,87,train
1430,1430,train
3492,3492,train
282,282,train
2483,2483,train
462,462,train
212,212,train
2588,2588,train
3303,3303,train
2907,2907,train
2581,2581,train
1368,1368,train
234,234,train
3664,3664,train
597,597,train
5120,5120,train
2250,2250,train
4709,4709,train
2283,2283,train
662,662,train
5755,5755,train
2285,2285,train
5469,5469,train
5251,5251,train
5174,5174,train
5290,5290,train
3307,3307,train
2990,2990,train
5157,5157,train
779,779,train
2544,2544,train
4303,4303,train
4332,4332,train
4237,4237,train
5164,5164,train
4767,4767,train
5602,5602,train
685,685,train
3243,3243,train
1748,1748,train
3632,3632,train
4481,4481,train
2837,2837,train
3032,3032,train
2171,2171,train
3518,3518,train
1850,1850,train
487,487,train
1688,1688,train
2230,2230,train
4222,4222,train
2320,2320,train
782,782,train
521,521,train
522,522,train
3751,3751,train
2939,2939,train
4666,4666,train
2398,2398,train
2207,2207,train
5392,5392,train
780,780,train
5343,5343,train
5329,5329,train
1511,1511,train
1882,1882,train
651,651,train
3686,3686,train
4092,4092,train
369,369,train
5060,5060,train
3484,3484,train
118,118,train
377,377,train
5069,5069,train
2216,2216,train
4404,4404,train
1613,1613,train
2883,2883,train
4517,4517,train
962,962,train
5218,5218,train
2510,2510,train
5443,5443,train
4409,4409,train
3731,3731,train
359,359,train
4745,4745,train
3957,3957,train
2415,2415,train
5394,5394,train
4896,4896,train
2185,2185,train
3729,3729,train
2567,2567,train
2037,2037,train
4928,4928,train
772,772,train
1284,1284,train
5328,5328,train
5492,5492,train
2587,2587,train
5298,5298,train
1414,1414,train
1234,1234,train
4239,4239,train
435,435,train
1674,1674,train
3299,3299,train
365,365,train
3494,3494,train
231,231,train
4934,4934,train
147,147,train
5352,5352,train
3088,3088,train
5412,5412,train
407,407,train
2090,2090,train
86,86,train
3271,3271,train
844,844,train
1031,1031,train
4594,4594,train
4180,4180,train
3716,3716,train
2987,2987,train
4200,4200,train
2628,2628,train
3505,3505,train
3524,3524,train
855,855,train
3003,3003,train
78,78,train
2992,2992,train
2247,2247,train
3789,3789,train
5292,5292,train
5331,5331,train
758,758,train
3852,3852,train
3355,3355,train
3849,3849,train
2279,2279,train
3431,3431,train
4099,4099,train
4811,4811,train
4615,4615,train
4334,4334,train
4356,4356,train
2176,2176,train
424,424,train
392,392,train
4322,4322,train
5479,5479,train
2239,2239,train
104,104,train
2672,2672,train
4375,4375,train
4463,4463,train
2068,2068,train
4608,4608,train
1948,1948,train
1459,1459,train
1768,1768,train
3298,3298,train
3706,3706,train
3578,3578,train
5551,5551,train
1587,1587,train
4482,4482,train
1731,1731,train
5523,5523,train
4515,4515,train
182,182,train
1791,1791,train
2355,2355,train
1940,1940,train
702,702,train
2442,2442,train
3718,3718,train
496,496,train
4506,4506,train
464,464,train
4549,4549,train
5010,5010,train
172,172,train
4072,4072,train
5559,5559,train
5162,5162,train
2540,2540,train
5748,5748,train
4336,4336,train
2260,2260,train
3084,3084,train
2112,2112,train
900,900,train
1446,1446,train
1911,1911,train
2697,2697,train
5623,5623,train
741,741,train
2293,2293,train
2452,2452,train
3460,3460,train
4733,4733,train
1206,1206,train
509,509,train
4806,4806,train
3458,3458,train
3705,3705,train
5597,5597,train
1549,1549,train
3029,3029,train
4368,4368,train
2202,2202,train
2566,2566,train
3538,3538,train
2044,2044,train
767,767,train
5650,5650,train
1508,1508,train
3134,3134,train
5637,5637,train
421,421,train
123,123,train
4814,4814,train
3469,3469,train
3883,3883,train
819,819,train
1403,1403,train
1382,1382,train
2148,2148,train
4877,4877,train
1575,1575,train
1638,1638,train
1795,1795,train
3331,3331,train
5790,5790,train
5160,5160,train
399,399,train
3151,3151,train
2310,2310,train
882,882,train
5765,5765,train
3834,3834,train
1352,1352,train
5168,5168,train
5272,5272,train
2130,2130,train
982,982,train
456,456,train
1486,1486,train
1079,1079,train
1950,1950,train
4987,4987,train
689,689,train
2429,2429,train
641,641,train
2392,2392,train
2825,2825,train
1953,1953,train
4264,4264,train
3058,3058,train
3658,3658,train
4339,4339,train
2710,2710,train
1083,1083,train
4296,4296,train
5525,5525,train
3872,3872,train
1884,1884,train
4357,4357,train
389,389,train
2494,2494,train
1851,1851,train
3036,3036,train
3827,3827,train
845,845,train
542,542,train
91,91,train
5455,5455,train
3647,3647,train
1979,1979,train
3244,3244,train
3715,3715,train
3150,3150,train
5557,5557,train
3842,3842,train
4211,4211,train
2964,2964,train
3463,3463,train
2529,2529,train
3857,3857,train
1676,1676,train
1048,1048,train
2949,2949,train
1960,1960,train
2530,2530,train
4260,4260,train
4739,4739,train
3679,3679,train
237,237,train
3922,3922,train
4370,4370,train
1133,1133,train
2880,2880,train
1805,1805,train
4793,4793,train
163,163,train
4373,4373,train
5516,5516,train
5461,5461,train
5468,5468,train
4519,4519,train
4648,4648,train
265,265,train
2001,2001,train
1811,1811,train
3277,3277,train
4645,4645,train
2978,2978,train
4112,4112,train
2906,2906,train
4141,4141,train
1428,1428,train
398,398,train
4169,4169,train
947,947,train
3078,3078,train
3138,3138,train
5170,5170,train
4759,4759,train
5388,5388,train
4977,4977,train
3229,3229,train
3728,3728,train
1452,1452,train
593,593,train
2725,2725,train
41,41,train
560,560,train
4671,4671,train
3880,3880,train
4034,4034,train
243,243,train
3172,3172,train
1339,1339,train
4269,4269,train
3914,3914,train
405,405,train
1442,1442,train
261,261,train
3655,3655,train
3537,3537,train
5285,5285,train
1689,1689,train
3478,3478,train
1725,1725,train
1203,1203,train
834,834,train
1866,1866,train
2496,2496,train
3016,3016,train
4358,4358,train
2010,2010,train
5366,5366,train
340,340,train
5510,5510,train
1601,1601,train
2796,2796,train
5678,5678,train
5444,5444,train
480,480,train
3734,3734,train
2785,2785,train
1523,1523,train
4315,4315,train
5145,5145,train
5375,5375,train
4039,4039,train
799,799,train
1766,1766,train
5185,5185,train
3025,3025,train
2453,2453,train
4915,4915,train
4582,4582,train
4695,4695,train
5425,5425,train
363,363,train
1271,1271,train
4078,4078,train
5369,5369,train
5601,5601,train
5437,5437,train
4792,4792,train
347,347,train
4108,4108,train
4622,4622,train
3613,3613,train
5354,5354,train
2562,2562,train
3027,3027,train
5314,5314,train
1423,1423,train
656,656,train
3083,3083,train
5339,5339,train
2102,2102,train
632,632,train
3946,3946,train
2493,2493,train
2665,2665,train
4189,4189,train
5121,5121,train
4251,4251,train
4101,4101,train
2334,2334,train
3548,3548,train
4439,4439,train
2500,2500,train
3619,3619,train
1465,1465,train
4461,4461,train
4686,4686,train
115,115,train
1821,1821,train
1494,1494,train
2401,2401,train
1232,1232,train
2661,2661,train
2817,2817,train
3799,3799,train
5295,5295,train
1153,1153,train
4603,4603,train
5151,5151,train
57,57,train
4316,4316,train
3061,3061,train
4956,4956,train
5735,5735,train
1735,1735,train
5221,5221,train
2823,2823,train
2196,2196,train
159,159,train
3837,3837,train
2475,2475,train
2564,2564,train
4145,4145,train
3912,3912,train
2608,2608,train
4479,4479,train
707,707,train
3046,3046,train
4947,4947,train
1093,1093,train
4420,4420,train
1376,1376,train
5698,5698,train
72,72,train
1922,1922,train
5008,5008,train
1764,1764,train
743,743,train
3805,3805,train
1005,1005,train
2668,2668,train
1190,1190,train
4244,4244,train
2601,2601,train
1125,1125,train
1241,1241,train
3771,3771,train
5194,5194,train
5084,5084,train
5465,5465,train
3351,3351,train
998,998,train
4309,4309,train
3765,3765,train
2684,2684,train
5021,5021,train
1577,1577,train
3668,3668,train
5552,5552,train
1826,1826,train
1343,1343,train
5784,5784,train
5391,5391,train
4786,4786,train
440,440,train
5741,5741,train
1100,1100,train
2637,2637,train
4053,4053,train
649,649,train
1546,1546,train
3231,3231,train
4338,4338,train
4402,4402,train
4419,4419,train
3918,3918,train
2852,2852,train
3503,3503,train
4163,4163,train
5269,5269,train
630,630,train
672,672,train
1249,1249,train
3817,3817,train
482,482,train
1584,1584,train
4073,4073,train
5358,5358,train
4031,4031,train
1462,1462,train
3040,3040,train
4318,4318,train
4650,4650,train
5019,5019,train
5773,5773,train
3273,3273,train
3238,3238,train
3131,3131,train
3683,3683,train
2578,2578,train
4572,4572,train
49,49,train
4957,4957,train
4051,4051,train
858,858,train
3225,3225,train
1072,1072,train
719,719,train
2199,2199,train
2631,2631,train
5651,5651,train
1660,1660,train
1656,1656,train
2425,2425,train
4394,4394,train
5711,5711,train
5766,5766,train
4252,4252,train
3097,3097,train
5347,5347,train
5680,5680,train
5509,5509,train
3189,3189,train
2934,2934,train
4776,4776,train
4181,4181,train
2606,2606,train
1385,1385,train
4595,4595,train
1399,1399,train
1195,1195,train
1408,1408,train
1845,1845,train
1798,1798,train
1475,1475,train
4194,4194,train
35,35,train
4704,4704,train
2345,2345,train
444,444,train
3312,3312,train
2359,2359,train
3006,3006,train
3654,3654,train
2206,2206,train
5087,5087,train
5132,5132,train
3657,3657,train
3179,3179,train
3422,3422,train
1286,1286,train
4293,4293,train
349,349,train
3416,3416,train
2137,2137,train
2691,2691,train
3945,3945,train
4979,4979,train
1681,1681,train
4700,4700,train
1443,1443,train
4210,4210,train
3215,3215,train
1671,1671,train
3905,3905,train
1179,1179,train
2798,2798,train
1692,1692,train
4272,4272,train
4618,4618,train
3635,3635,train
372,372,train
3055,3055,train
4450,4450,train
1916,1916,train
1357,1357,train
1825,1825,train
786,786,train
469,469,train
140,140,train
788,788,train
323,323,train
50,50,train
714,714,train
5202,5202,train
2840,2840,train
2446,2446,train
5576,5576,train
3188,3188,train
5118,5118,train
5320,5320,train
4353,4353,train
2666,2666,train
406,406,train
20,20,train
1004,1004,train
3984,3984,train
890,890,train
2411,2411,train
2545,2545,train
1349,1349,train
2390,2390,train
5762,5762,train
42,42,train
2830,2830,train
4253,4253,train
3371,3371,train
3022,3022,train
3364,3364,train
303,303,train
5228,5228,train
11,11,train
664,664,train
1177,1177,train
3292,3292,train
2676,2676,train
1947,1947,train
2501,2501,train
1473,1473,train
2863,2863,train
2375,2375,train
3865,3865,train
2132,2132,train
1026,1026,train
3848,3848,train
2989,2989,train
961,961,train
2889,2889,train
3021,3021,train
3693,3693,train
3015,3015,train
4129,4129,train
3338,3338,train
2009,2009,train
2149,2149,train
1963,1963,train
2338,2338,train
4445,4445,train
735,735,train
304,304,train
1440,1440,train
1496,1496,train
2652,2652,train
2875,2875,train
916,916,train
5130,5130,train
710,710,train
5356,5356,train
5109,5109,train
4528,4528,train
2772,2772,train
1624,1624,train
4597,4597,train
821,821,train
1367,1367,train
3712,3712,train
1354,1354,train
5419,5419,train
850,850,train
3350,3350,train
1000,1000,train
5302,5302,train
4165,4165,train
4307,4307,train
3525,3525,train
18,18,train
1637,1637,train
1667,1667,train
493,493,train
3173,3173,train
4651,4651,train
4406,4406,train
1347,1347,train
3018,3018,train
4525,4525,train
3230,3230,train
2636,2636,train
5128,5128,train
4768,4768,train
2828,2828,train
687,687,train
1112,1112,train
3752,3752,train
3232,3232,train
1608,1608,train
5600,5600,train
703,703,train
1009,1009,train
3291,3291,train
3673,3673,train
2408,2408,train
1092,1092,train
1327,1327,train
5401,5401,train
1677,1677,train
1999,1999,train
1310,1310,train
3218,3218,train
4047,4047,train
4220,4220,train
1987,1987,train
4476,4476,train
344,344,train
4841,4841,train
986,986,train
587,587,train
5696,5696,train
2791,2791,train
4985,4985,train
5360,5360,train
4308,4308,train
4110,4110,train
4689,4689,train
3485,3485,train
4094,4094,train
4824,4824,train
3289,3289,train
1142,1142,train
2358,2358,train
3264,3264,train
3873,3873,train
1198,1198,train
85,85,train
1518,1518,train
516,516,train
1381,1381,train
3423,3423,train
2716,2716,train
4085,4085,train
1014,1014,train
128,128,train
1364,1364,train
4456,4456,train
4677,4677,train
4122,4122,train
891,891,train
2793,2793,train
4866,4866,train
1359,1359,train
307,307,train
5704,5704,train
1661,1661,train
2431,2431,train
4655,4655,train
5526,5526,train
1317,1317,train
3499,3499,train
5519,5519,train
3249,3249,train
2474,2474,train
2542,2542,train
5588,5588,train
1246,1246,train
4823,4823,train
1208,1208,train
3868,3868,train
3377,3377,train
216,216,train
4961,4961,train
3882,3882,train
4059,4059,train
1239,1239,train
2289,2289,train
2740,2740,train
275,275,train
489,489,train
1035,1035,train
1229,1229,train
5362,5362,train
1008,1008,train
5458,5458,train
2884,2884,train
4160,4160,train
3828,3828,train
2532,2532,train
4982,4982,train
1058,1058,train
2166,2166,train
4747,4747,train
5028,5028,train
281,281,train
1043,1043,train
1316,1316,train
5770,5770,train
968,968,train
4882,4882,train
2381,2381,train
4629,4629,train
1939,1939,train
4151,4151,train
1274,1274,train
619,619,train
4204,4204,train
1742,1742,train
1390,1390,train
4988,4988,train
1847,1847,train
1579,1579,train
1655,1655,train
3568,3568,train
2352,2352,train
2212,2212,train
3275,3275,train
2020,2020,train
5764,5764,train
1956,1956,train
3178,3178,train
3192,3192,train
1307,1307,train
2003,2003,train
5163,5163,train
575,575,train
2360,2360,train
5779,5779,train
5142,5142,train
1706,1706,train
1799,1799,train
3347,3347,train
5037,5037,train
1280,1280,train
4717,4717,train
861,861,train
4796,4796,train
1801,1801,train
1628,1628,train
1993,1993,train
2639,2639,train
269,269,train
629,629,train
4292,4292,train
3081,3081,train
3466,3466,train
5059,5059,train
4023,4023,train
2046,2046,train
4553,4553,train
2113,2113,train
27,27,train
2040,2040,train
3928,3928,train
5239,5239,train
3216,3216,train
3814,3814,train
129,129,train
4295,4295,train
5690,5690,train
13,13,train
4974,4974,train
1525,1525,train
2365,2365,train
3052,3052,train
4005,4005,train
2340,2340,train
374,374,train
4221,4221,train
4981,4981,train
939,939,train
5553,5553,train
2147,2147,train
3591,3591,train
5260,5260,train
4874,4874,train
3623,3623,train
529,529,train
3714,3714,train
1269,1269,train
1394,1394,train
4009,4009,train
1797,1797,train
2979,2979,train
1441,1441,train
4333,4333,train
5652,5652,train
3811,3811,train
1273,1273,train
1712,1712,train
955,955,train
4290,4290,train
4635,4635,train
5126,5126,train
403,403,train
2071,2071,train
5513,5513,train
1977,1977,train
158,158,train
3888,3888,train
902,902,train
352,352,train
4130,4130,train
754,754,train
2971,2971,train
5771,5771,train
2920,2920,train
311,311,train
661,661,train
1989,1989,train
3665,3665,train
306,306,train
2335,2335,train
2356,2356,train
3702,3702,train
3804,3804,train
1927,1927,train
3427,3427,train
749,749,train
3638,3638,train
4738,4738,train
1266,1266,train
4397,4397,train
5124,5124,train
3595,3595,train
2134,2134,train
4109,4109,train
514,514,train
5183,5183,train
409,409,train
4323,4323,train
5776,5776,train
5731,5731,train
5020,5020,train
207,207,train
458,458,train
2054,2054,train
2430,2430,train
250,250,train
1107,1107,train
4702,4702,train
1713,1713,train
3911,3911,train
715,715,train
552,552,train
1439,1439,train
2270,2270,train
3144,3144,train
5540,5540,train
1925,1925,train
634,634,train
316,316,train
5642,5642,train
427,427,train
4301,4301,train
105,105,train
3041,3041,train
2169,2169,train
1709,1709,train
89,89,train
2241,2241,train
3174,3174,train
4326,4326,train
1949,1949,train
4044,4044,train
2848,2848,train
1,1,train
935,935,train
4965,4965,train
2720,2720,train
591,591,train
5044,5044,train
2936,2936,train
2448,2448,train
1576,1576,train
4837,4837,train
213,213,train
778,778,train
3496,3496,train
5341,5341,train
2043,2043,train
5256,5256,train
1567,1567,train
165,165,train
3566,3566,train
4436,4436,train
2013,2013,train
273,273,train
3860,3860,train
4167,4167,train
4630,4630,train
3788,3788,train
394,394,train
583,583,train
5781,5781,train
5379,5379,train
5550,5550,train
520,520,train
1763,1763,train
1875,1875,train
3965,3965,train
3344,3344,train
2253,2253,train
3224,3224,train
526,526,train
2946,2946,train
3899,3899,train
692,692,train
5487,5487,train
3633,3633,train
1050,1050,train
590,590,train
519,519,train
3380,3380,train
3676,3676,train
4773,4773,train
1607,1607,train
3610,3610,train
5537,5537,train
1809,1809,train
791,791,train
792,792,train
4763,4763,train
1855,1855,train
1980,1980,train
3233,3233,train
3598,3598,train
933,933,train
3963,3963,train
5387,5387,train
4179,4179,train
4026,4026,train
4116,4116,train
988,988,train
4470,4470,train
3453,3453,train
5294,5294,train
3778,3778,train
4862,4862,train
3093,3093,train
3155,3155,train
3201,3201,train
4679,4679,train
1098,1098,train
4813,4813,train
2844,2844,train
886,886,train
5719,5719,train
4494,4494,train
515,515,train
5350,5350,train
1453,1453,train
3553,3553,train
3609,3609,train
2506,2506,train
2994,2994,train
3999,3999,train
5501,5501,train
906,906,train
28,28,train
2507,2507,train
2428,2428,train
762,762,train
3747,3747,train
284,284,train
686,686,train
2353,2353,train
4665,4665,train
21,21,train
2752,2752,train
885,885,train
917,917,train
1040,1040,train
1265,1265,train
5014,5014,train
277,277,train
2084,2084,train
1245,1245,train
2382,2382,train
571,571,train
1435,1435,train
3902,3902,train
1247,1247,train
3526,3526,train
2514,2514,train
1007,1007,train
2064,2064,train
4579,4579,train
1690,1690,train
5001,5001,train
1985,1985,train
294,294,train
1547,1547,train
2012,2012,train
588,588,train
3329,3329,train
2403,2403,train
2129,2129,train
3998,3998,train
5076,5076,train
3741,3741,train
3508,3508,train
2719,2719,train
5278,5278,train
5284,5284,train
556,556,train
2469,2469,train
3738,3738,train
4286,4286,train
1716,1716,train
2604,2604,train
5621,5621,train
1704,1704,train
2139,2139,train
3239,3239,train
2383,2383,train
4311,4311,train
1285,1285,train
4937,4937,train
5179,5179,train
3930,3930,train
4383,4383,train
1591,1591,train
5135,5135,train
2162,2162,train
2396,2396,train
317,317,train
5204,5204,train
3111,3111,train
4036,4036,train
795,795,train
3020,3020,train
1711,1711,train
3387,3387,train
36,36,train
913,913,train
3972,3972,train
4133,4133,train
974,974,train
983,983,train
4728,4728,train
1418,1418,train
1560,1560,train
4135,4135,train
4265,4265,train
1355,1355,train
5635,5635,train
987,987,train
2682,2682,train
1640,1640,train
1290,1290,train
3681,3681,train
1380,1380,train
1933,1933,train
4878,4878,train
3160,3160,train
2030,2030,train
892,892,train
4069,4069,train
4255,4255,train
2,2,train
2109,2109,train
849,849,train
2737,2737,train
2466,2466,train
1914,1914,train
1596,1596,train
1913,1913,train
5466,5466,train
2736,2736,train
726,726,train
53,53,train
1796,1796,train
3845,3845,train
2553,2553,train
2800,2800,train
936,936,train
5005,5005,train
824,824,train
4321,4321,train
3401,3401,train
1389,1389,train
3564,3564,train
884,884,train
1868,1868,train
10,10,train
3415,3415,train
1463,1463,train
806,806,train
4558,4558,train
4068,4068,train
2108,2108,train
4895,4895,train
5747,5747,train
2234,2234,train
963,963,train
2632,2632,train
704,704,train
431,431,train
4388,4388,train
145,145,train
2033,2033,train
4863,4863,train
1165,1165,train
3500,3500,train
2050,2050,train
3760,3760,train
2624,2624,train
4435,4435,train
4620,4620,train
4641,4641,train
4361,4361,train
2424,2424,train
1262,1262,train
1771,1771,train
3511,3511,train
271,271,train
244,244,train
5624,5624,train
2032,2032,train
5080,5080,train
813,813,train
3810,3810,train
4708,4708,train
1804,1804,train
4346,4346,train
2461,2461,train
545,545,train
3241,3241,train
738,738,train
310,310,train
3521,3521,train
1131,1131,train
5707,5707,train
4111,4111,train
2769,2769,train
920,920,train
3587,3587,train
3959,3959,train
38,38,train
4459,4459,train
4278,4278,train
2983,2983,train
5786,5786,train
2667,2667,train
3223,3223,train
1182,1182,train
614,614,train
5691,5691,train
1466,1466,train
4497,4497,train
3042,3042,train
934,934,train
2419,2419,train
5230,5230,train
4696,4696,train
826,826,train
1521,1521,train
2930,2930,train
4232,4232,train
628,628,train
4430,4430,train
3853,3853,train
390,390,train
4345,4345,train
5653,5653,train
3990,3990,train
400,400,train
3359,3359,train
46,46,train
5562,5562,train
5710,5710,train
3642,3642,train
3726,3726,train
5628,5628,train
2421,2421,train
1750,1750,train
5604,5604,train
4743,4743,train
4062,4062,train
338,338,train
215,215,train
3663,3663,train
1341,1341,train
5301,5301,train
3894,3894,train
3640,3640,train
329,329,train
3004,3004,train
5541,5541,train
3115,3115,train
5607,5607,train
2322,2322,train
4197,4197,train
3549,3549,train
1458,1458,train
171,171,train
4203,4203,train
4853,4853,train
3569,3569,train
4226,4226,train
4726,4726,train
4772,4772,train
938,938,train
60,60,train
1240,1240,train
4842,4842,train
2120,2120,train
1524,1524,train
153,153,train
481,481,train
4460,4460,train
3920,3920,train
1762,1762,train
750,750,train
1785,1785,train
4501,4501,train
2711,2711,train
4685,4685,train
4193,4193,train
1333,1333,train
5159,5159,train
2854,2854,train
186,186,train
1136,1136,train
2058,2058,train
4855,4855,train
148,148,train
4124,4124,train
3363,3363,train
2866,2866,train
3776,3776,train
1386,1386,train
5485,5485,train
4794,4794,train
3629,3629,train
5217,5217,train
3028,3028,train
2969,2969,train
5034,5034,train
1708,1708,train
2953,2953,train
454,454,train
609,609,train
4263,4263,train
4913,4913,train
2074,2074,train
4052,4052,train
4713,4713,train
1622,1622,train
5078,5078,train
40,40,train
2089,2089,train
3924,3924,train
2175,2175,train
74,74,train
4639,4639,train
5717,5717,train
2657,2657,train
3180,3180,train
2076,2076,train
441,441,train
2051,2051,train
2541,2541,train
1301,1301,train
3430,3430,train
1304,1304,train
236,236,train
4828,4828,train
2599,2599,train
4616,4616,train
2573,2573,train
3280,3280,train
3186,3186,train
3953,3953,train
2768,2768,train
4223,4223,train
2106,2106,train
2679,2679,train
2761,2761,train
1387,1387,train
5445,5445,train
5244,5244,train
1279,1279,train
5682,5682,train
1555,1555,train
5240,5240,train
3190,3190,train
4566,4566,train
5440,5440,train
3594,3594,train
1920,1920,train
513,513,train
4177,4177,train
1308,1308,train
914,914,train
3452,3452,train
3695,3695,train
4242,4242,train
3156,3156,train
2198,2198,train
774,774,train
4425,4425,train
943,943,train
822,822,train
4277,4277,train
164,164,train
4547,4547,train
3983,3983,train
2538,2538,train
5555,5555,train
1311,1311,train
5267,5267,train
4830,4830,train
5383,5383,train
3300,3300,train
3310,3310,train
327,327,train
2490,2490,train
5435,5435,train
4408,4408,train
832,832,train
3079,3079,train
3462,3462,train
5079,5079,train
54,54,train
4064,4064,train
3451,3451,train
1901,1901,train
1481,1481,train
4150,4150,train
3335,3335,train
946,946,train
3293,3293,train
2161,2161,train
4909,4909,train
3057,3057,train
768,768,train
5454,5454,train
3495,3495,train
285,285,train
5727,5727,train
4524,4524,train
5156,5156,train
2332,2332,train
2717,2717,train
2079,2079,train
3389,3389,train
722,722,train
951,951,train
5048,5048,train
2262,2262,train
989,989,train
3212,3212,train
1759,1759,train
4755,4755,train
4422,4422,train
1724,1724,train
341,341,train
3701,3701,train
4243,4243,train
688,688,train
3432,3432,train
966,966,train
5480,5480,train
2203,2203,train
2713,2713,train
5105,5105,train
5303,5303,train
3572,3572,train
1990,1990,train
4120,4120,train
4750,4750,train
5498,5498,train
3600,3600,train
5289,5289,train
5772,5772,train
4774,4774,train
385,385,train
5054,5054,train
5291,5291,train
536,536,train
5411,5411,train
4212,4212,train
3507,3507,train
201,201,train
1332,1332,train
3502,3502,train
2708,2708,train
4662,4662,train
4021,4021,train
1854,1854,train
5180,5180,train
2872,2872,train
3030,3030,train
1205,1205,train
1645,1645,train
3417,3417,train
3476,3476,train
2861,2861,train
1792,1792,train
3797,3797,train
3368,3368,train
3367,3367,train
3533,3533,train
5085,5085,train
3449,3449,train
603,603,train
3056,3056,train
5039,5039,train
126,126,train
3876,3876,train
2935,2935,train
4451,4451,train
3531,3531,train
2730,2730,train
827,827,train
1639,1639,train
984,984,train
3281,3281,train
5763,5763,train
2188,2188,train
5338,5338,train
2443,2443,train
362,362,train
2349,2349,train
345,345,train
814,814,train
3205,3205,train
4812,4812,train
5558,5558,train
3325,3325,train
4106,4106,train
2116,2116,train
1834,1834,train
793,793,train
5736,5736,train
2674,2674,train
94,94,train
4225,4225,train
3756,3756,train
2891,2891,train
2371,2371,train
4800,4800,train
5136,5136,train
3228,3228,train
2853,2853,train
2912,2912,train
1865,1865,train
4612,4612,train
1857,1857,train
2645,2645,train
2243,2243,train
2336,2336,train
950,950,train
3068,3068,train
1120,1120,train
2597,2597,train
2204,2204,train
419,419,train
922,922,train
1254,1254,train
477,477,train
2035,2035,train
1202,1202,train
2626,2626,train
5677,5677,train
1970,1970,train
3110,3110,train
4018,4018,train
2151,2151,train
3687,3687,train
1997,1997,train
4033,4033,train
5685,5685,train
3054,3054,train
1248,1248,train
2192,2192,train
2712,2712,train
992,992,train
2190,2190,train
4670,4670,train
3762,3762,train
3597,3597,train
4711,4711,train
1318,1318,train
1863,1863,train
2343,2343,train
2449,2449,train
2136,2136,train
1065,1065,train
5751,5751,train
4227,4227,train
2621,2621,train
77,77,train
2898,2898,train
4820,4820,train
1314,1314,train
5057,5057,train
872,872,train
3850,3850,train
5549,5549,train
2965,2965,train
3391,3391,train
2560,2560,train
5679,5679,train
2635,2635,train
3530,3530,train
375,375,train
1908,1908,train
4429,4429,train
5009,5009,train
5066,5066,train
4027,4027,train
1604,1604,train
1118,1118,train
3677,3677,train
3490,3490,train
5639,5639,train
2958,2958,train
1994,1994,train
5746,5746,train
5033,5033,train
2376,2376,train
1342,1342,train
320,320,train
1619,1619,train
3713,3713,train
2060,2060,train
2219,2219,train
1673,1673,train
260,260,train
5663,5663,train
2039,2039,train
4785,4785,train
901,901,train
3744,3744,train
2026,2026,train
4234,4234,train
1917,1917,train
1828,1828,train
1573,1573,train
4415,4415,train
4749,4749,train
5086,5086,train
4654,4654,train
4208,4208,train
4627,4627,train
224,224,train
723,723,train
5199,5199,train
1141,1141,train
2762,2762,train
846,846,train
4289,4289,train
2551,2551,train
2928,2928,train
117,117,train
645,645,train
3,3,train
4170,4170,train
467,467,train
5,5,train
919,919,train
2595,2595,train
4324,4324,train
1063,1063,train
2590,2590,train
242,242,train
5040,5040,train
1160,1160,train
2870,2870,train
3735,3735,train
2397,2397,train
3517,3517,train
3421,3421,train
2563,2563,train
1605,1605,train
5593,5593,train
2324,2324,train
2709,2709,train
5091,5091,train
1312,1312,train
3448,3448,train
3812,3812,train
5395,5395,train
2362,2362,train
1975,1975,train
3514,3514,train
1761,1761,train
2739,2739,train
5402,5402,train
2472,2472,train
4007,4007,train
4718,4718,train
1493,1493,train
4206,4206,train
2158,2158,train
1169,1169,train
5233,5233,train
232,232,train
66,66,train
1603,1603,train
3283,3283,train
3596,3596,train
4632,4632,train
125,125,train
1296,1296,train
1976,1976,train
5234,5234,train
5195,5195,train
2075,2075,train
4580,4580,train
3086,3086,train
5023,5023,train
3345,3345,train
5175,5175,train
2797,2797,train
918,918,train
1646,1646,train
4621,4621,train
364,364,train
3287,3287,train
2125,2125,train
4123,4123,train
4569,4569,train
525,525,train
4821,4821,train
55,55,train
638,638,train
302,302,train
2766,2766,train
1276,1276,train
4720,4720,train
2055,2055,train
4432,4432,train
3644,3644,train
4143,4143,train
2878,2878,train
4202,4202,train
2286,2286,train
2261,2261,train
2296,2296,train
1753,1753,train
1968,1968,train
5171,5171,train
3117,3117,train
2393,2393,train
523,523,train
3900,3900,train
5407,5407,train
4699,4699,train
3122,3122,train
4156,4156,train
1969,1969,train
671,671,train
4188,4188,train
666,666,train
5015,5015,train
1887,1887,train
3266,3266,train
280,280,train
1719,1719,train
2947,2947,train
4455,4455,train
899,899,train
5695,5695,train
760,760,train
1906,1906,train
4042,4042,train
3823,3823,train
4138,4138,train
3818,3818,train
4300,4300,train
2593,2593,train
4164,4164,train
3031,3031,train
3579,3579,train
2832,2832,train
3472,3472,train
137,137,train
4892,4892,train
2180,2180,train
2128,2128,train
3177,3177,train
4854,4854,train
4637,4637,train
5049,5049,train
4261,4261,train
4344,4344,train
1331,1331,train
2017,2017,train
4542,4542,train
2482,2482,train
1358,1358,train
1329,1329,train
5709,5709,train
2150,2150,train
4530,4530,train
2122,2122,train
4673,4673,train
3981,3981,train
1252,1252,train
3278,3278,train
3374,3374,train
2814,2814,train
4719,4719,train
1848,1848,train
4858,4858,train
3037,3037,train
388,388,train
235,235,train
1077,1077,train
1984,1984,train
4363,4363,train
3962,3962,train
770,770,train
2165,2165,train
4533,4533,train
673,673,train
249,249,train
1574,1574,train
3419,3419,train
2081,2081,train
1823,1823,train
5365,5365,train
5548,5548,train
4544,4544,train
716,716,train
5167,5167,train
5414,5414,train
2048,2048,train
4178,4178,train
4809,4809,train
2724,2724,train
5238,5238,train
1460,1460,train
1668,1668,train
2756,2756,train
2000,2000,train
4571,4571,train
4613,4613,train
404,404,train
384,384,train
5206,5206,train
2152,2152,train
1633,1633,train
5310,5310,train
4784,4784,train
3925,3925,train
4158,4158,train
4948,4948,train
223,223,train
2193,2193,train
3136,3136,train
4469,4469,train
1824,1824,train
5325,5325,train
4972,4972,train
797,797,train
2871,2871,train
9,9,train
1944,1944,train
1838,1838,train
4804,4804,train
255,255,train
4485,4485,train
5398,5398,train
1581,1581,train
2956,2956,train
924,924,train
5133,5133,train
2508,2508,train
5024,5024,train
3775,3775,train
4835,4835,train
4136,4136,train
4964,4964,train
2779,2779,train
539,539,train
2745,2745,train
5212,5212,train
5293,5293,train
1145,1145,train
5127,5127,train
4468,4468,train
667,667,train
3019,3019,train
357,357,train
5063,5063,train
2831,2831,train
2783,2783,train
1353,1353,train
5131,5131,train
470,470,train
2703,2703,train
3330,3330,train
3637,3637,train
1396,1396,train
3584,3584,train
5200,5200,train
3376,3376,train
1256,1256,train
3512,3512,train
1250,1250,train
5570,5570,train
4298,4298,train
3284,3284,train
2933,2933,train
4175,4175,train
4910,4910,train
1852,1852,train
5427,5427,train
5645,5645,train
2105,2105,train
133,133,train
5029,5029,train
928,928,train
823,823,train
5263,5263,train
1531,1531,train
1214,1214,train
504,504,train
4285,4285,train
1996,1996,train
3072,3072,train
1958,1958,train
1384,1384,train
894,894,train
4924,4924,train
455,455,train
5373,5373,train
3709,3709,train
5348,5348,train
4849,4849,train
4748,4748,train
4268,4268,train
3522,3522,train
4134,4134,train
3602,3602,train
713,713,train
4186,4186,train
2214,2214,train
2923,2923,train
1810,1810,train
3486,3486,train
3141,3141,train
1827,1827,train
1155,1155,train
1324,1324,train
4312,4312,train
510,510,train
1680,1680,train
499,499,train
5255,5255,train
1856,1856,train
1388,1388,train
3719,3719,train
2386,2386,train
3236,3236,train
1540,1540,train
1217,1217,train
2681,2681,train
2993,2993,train
1191,1191,train
1542,1542,train
3301,3301,train
3324,3324,train
2539,2539,train
953,953,train
4846,4846,train
4330,4330,train
732,732,train
1156,1156,train
5372,5372,train
3294,3294,train
2982,2982,train
5161,5161,train
2156,2156,train
1062,1062,train
2616,2616,train
1167,1167,train
3222,3222,train
3636,3636,train
2938,2938,train
4491,4491,train
3140,3140,train
4980,4980,train
143,143,train
3577,3577,train
4946,4946,train
2782,2782,train
717,717,train
1819,1819,train
2502,2502,train
4360,4360,train
4171,4171,train
395,395,train
5603,5603,train
4492,4492,train
1365,1365,train
5280,5280,train
595,595,train
3952,3952,train
4968,4968,train
2914,2914,train
2326,2326,train
3766,3766,train
3440,3440,train
3851,3851,train
4132,4132,train
5397,5397,train
2143,2143,train
5345,5345,train
5073,5073,train
1571,1571,train
4079,4079,train
1122,1122,train
2786,2786,train
2967,2967,train
2504,2504,train
3465,3465,train
675,675,train
2808,2808,train
3348,3348,train
728,728,train
412,412,train
3146,3146,train
1516,1516,train
825,825,train
3267,3267,train
3974,3974,train
616,616,train
114,114,train
417,417,train
3069,3069,train
1625,1625,train
5740,5740,train
4185,4185,train
2896,2896,train
5417,5417,train
2082,2082,train
753,753,train
2546,2546,train
3969,3969,train
3373,3373,train
4107,4107,train
2444,2444,train
4380,4380,train
1066,1066,train
3913,3913,train
5287,5287,train
3498,3498,train
2738,2738,train
5052,5052,train
4000,4000,train
1568,1568,train
2427,2427,train
3746,3746,train
5376,5376,train
1687,1687,train
851,851,train
3546,3546,train
895,895,train
4592,4592,train
335,335,train
2839,2839,train
3087,3087,train
4611,4611,train
1348,1348,train
1015,1015,train
2816,2816,train
1631,1631,train
2489,2489,train
3730,3730,train
3251,3251,train
5370,5370,train
2070,2070,train
4452,4452,train
5661,5661,train
1635,1635,train
4646,4646,train
2479,2479,train
2265,2265,train
2959,2959,train
5323,5323,train
5743,5743,train
3059,3059,train
5053,5053,train
2141,2141,train
5104,5104,train
3118,3118,train
5188,5188,train
5478,5478,train
4045,4045,train
3356,3356,train
2744,2744,train
5092,5092,train
3506,3506,train
1679,1679,train
4249,4249,train
3147,3147,train
2294,2294,train
580,580,train
1470,1470,train
4799,4799,train
4070,4070,train
5308,5308,train
3343,3343,train
4992,4992,train
4583,4583,train
3672,3672,train
559,559,train
5237,5237,train
5215,5215,train
2849,2849,train
512,512,train
4729,4729,train
1081,1081,train
1664,1664,train
1012,1012,train
1931,1931,train
1150,1150,train
2838,2838,train
116,116,train
740,740,train
5569,5569,train
5177,5177,train
3675,3675,train
830,830,train
119,119,train
4752,4752,train
5538,5538,train
5494,5494,train
5729,5729,train
635,635,train
4465,4465,train
4364,4364,train
4142,4142,train
991,991,train
876,876,train
4869,4869,train
5315,5315,train
5222,5222,train
4,4,train
3051,3051,train
3124,3124,train
2660,2660,train
2491,2491,train
5173,5173,train
3854,3854,train
4933,4933,train
4777,4777,train
1715,1715,train
1148,1148,train
3261,3261,train
574,574,train
3769,3769,train
3736,3736,train
4146,4146,train
853,853,train
1982,1982,train
2774,2774,train
4929,4929,train
5211,5211,train
1166,1166,train
971,971,train
2701,2701,train
4495,4495,train
3847,3847,train
2368,2368,train
4115,4115,train
4780,4780,train
4131,4131,train
2950,2950,train
524,524,train
2455,2455,train
5016,5016,train
1841,1841,train
537,537,train
2806,2806,train
4341,4341,train
3175,3175,train
784,784,train
4057,4057,train
1409,1409,train
2537,2537,train
154,154,train
3009,3009,train
1686,1686,train
2901,2901,train
5739,5739,train
4721,4721,train
3863,3863,train
2733,2733,train
1895,1895,train
5442,5442,train
569,569,train
1816,1816,train
2065,2065,train
127,127,train
3394,3394,train
3327,3327,train
5778,5778,train
2975,2975,train
980,980,train
2300,2300,train
190,190,train
1139,1139,train
5088,5088,train
699,699,train
5539,5539,train
606,606,train
4276,4276,train
301,301,train
3420,3420,train
5583,5583,train
1060,1060,train
2565,2565,train
5789,5789,train
1069,1069,train
2524,2524,train
2205,2205,train
1243,1243,train
16,16,train
3120,3120,train
5780,5780,train
4642,4642,train
4754,4754,train
815,815,train
3067,3067,train
5544,5544,train
959,959,train
4893,4893,train
225,225,train
3354,3354,train
2485,2485,train
562,562,train
3436,3436,train
1693,1693,train
1045,1045,train
3446,3446,train
4565,4565,train
954,954,train
5777,5777,train
2735,2735,train
5686,5686,train
4735,4735,train
5586,5586,train
1218,1218,train
5254,5254,train
1527,1527,train
3987,3987,train
5720,5720,train
1300,1300,train
5672,5672,train
160,160,train
4067,4067,train
956,956,train
3791,3791,train
3234,3234,train
2869,2869,train
3777,3777,train
4433,4433,train
4973,4973,train
2961,2961,train
2200,2200,train
98,98,train
2557,2557,train
3183,3183,train
253,253,train
3923,3923,train
4199,4199,train
1445,1445,train
1648,1648,train
4682,4682,train
4723,4723,train
3991,3991,train
1696,1696,train
3191,3191,train
4499,4499,train
1154,1154,train
2255,2255,train
1682,1682,train
3170,3170,train
2056,2056,train
4090,4090,train
5656,5656,train
3108,3108,train
4548,4548,train
3723,3723,train
5423,5423,train
2049,2049,train
4976,4976,train
3643,3643,train
5715,5715,train
623,623,train
262,262,train
3369,3369,train
4061,4061,train
5534,5534,train
1802,1802,train
4736,4736,train
5787,5787,train
2385,2385,train
1959,1959,train
2976,2976,train
488,488,train
1843,1843,train
1734,1734,train
2911,2911,train
3219,3219,train
146,146,train
1986,1986,train
1369,1369,train
2811,2811,train
659,659,train
1794,1794,train
2511,2511,train
3397,3397,train
4282,4282,train
1147,1147,train
3272,3272,train
608,608,train
3582,3582,train
1930,1930,train
197,197,train
2931,2931,train
2327,2327,train
4389,4389,train
766,766,train
4496,4496,train
4218,4218,train
3255,3255,train
202,202,train
3510,3510,train
4931,4931,train
5535,5535,train
1733,1733,train
2777,2777,train
1707,1707,train
5172,5172,train
5249,5249,train
3474,3474,train
854,854,train
4737,4737,train
4097,4097,train
2160,2160,train
698,698,train
5737,5737,train
2999,2999,train
3696,3696,train
1636,1636,train
3457,3457,train
3581,3581,train
1291,1291,train
4659,4659,train
1853,1853,train
5232,5232,train
3763,3763,train
3304,3304,train
5697,5697,train
3743,3743,train
3445,3445,train
1998,1998,train
663,663,train
4779,4779,train
5353,5353,train
3748,3748,train
4413,4413,train
4744,4744,train
5530,5530,train
5575,5575,train
709,709,train
1282,1282,train
5068,5068,train
2675,2675,train
4029,4029,train
1306,1306,train
5496,5496,train
5504,5504,train
2237,2237,train
3302,3302,train
5592,5592,train
2038,2038,train
1529,1529,train
1663,1663,train
5450,5450,train
5722,5722,train
5744,5744,train
3627,3627,train
5147,5147,train
4891,4891,train
2693,2693,train
3060,3060,train
1597,1597,train
2729,2729,train
2625,2625,train
3157,3157,train
3314,3314,train
1722,1722,train
5279,5279,train
1059,1059,train
4636,4636,train
3242,3242,train
1678,1678,train
1757,1757,train
4191,4191,train
5116,5116,train
563,563,train
2790,2790,train
863,863,train
1484,1484,train
5134,5134,train
206,206,train
4488,4488,train
870,870,train
4493,4493,train
502,502,train
1028,1028,train
3840,3840,train
2690,2690,train
5581,5581,train
5056,5056,train
1570,1570,train
2773,2773,train
2731,2731,train
804,804,train
3645,3645,train
2454,2454,train
4598,4598,train
3104,3104,train
4875,4875,train
200,200,train
3099,3099,train
2278,2278,train
3561,3561,train
4474,4474,train
4514,4514,train
391,391,train
5618,5618,train
5258,5258,train
1495,1495,train
2695,2695,train
2027,2027,train
5248,5248,train
5463,5463,train
2568,2568,train
64,64,train
3884,3884,train
2062,2062,train
5276,5276,train
492,492,train
379,379,train
4859,4859,train
3993,3993,train
4887,4887,train
1076,1076,train
878,878,train
337,337,train
1016,1016,train
1275,1275,train
3798,3798,train
4551,4551,train
3342,3342,train
4911,4911,train
995,995,train
1981,1981,train
4297,4297,train
161,161,train
5675,5675,train
4798,4798,train
1500,1500,train
3843,3843,train
5225,5225,train
2613,2613,train
3461,3461,train
1021,1021,train
3073,3073,train
3943,3943,train
1585,1585,train
1955,1955,train
3152,3152,train
34,34,train
4014,4014,train
775,775,train
2556,2556,train
1478,1478,train
5486,5486,train
1363,1363,train
2612,2612,train
2824,2824,train
2041,2041,train
241,241,train
2061,2061,train
2363,2363,train
600,600,train
2435,2435,train
5393,5393,train
2888,2888,train
646,646,train
3890,3890,train
3556,3556,train
3202,3202,train
1528,1528,train
1267,1267,train
1899,1899,train
4658,4658,train
3005,3005,train
2734,2734,train
189,189,train
1806,1806,train
975,975,train
2747,2747,train
2047,2047,train
2558,2558,train
1082,1082,train
474,474,train
2904,2904,train
4843,4843,train
4117,4117,train
3385,3385,train
4555,4555,train
1184,1184,train
5051,5051,train
5311,5311,train
2433,2433,train
5611,5611,train
2391,2391,train
769,769,train
1685,1685,train
130,130,train
2919,2919,train
3171,3171,train
3444,3444,train
5578,5578,train
4426,4426,train
5334,5334,train
466,466,train
5734,5734,train
3092,3092,train
3772,3772,train
5191,5191,train
5226,5226,train
5390,5390,train
860,860,train
