audit_row_id,IRI_mean_y
3265,267.0
2859,35.0
4692,44.4
5694,38.0
3105,87.0
203,79.0
339,83.1
837,83.8
4209,52.0
387,47.0
4393,170.7
2402,36.5
4477,187.8
4860,113.3
4195,175.0
2792,54.0
1554,95.8
2083,130.0
1421,120.9
5363,76.5
677,37.5
1335,120.3
2894,99.0
1743,136.2
61,49.0
5364,67.0
3907,129.6
2063,36.5
3703,137.0
1212,75.0
3816,54.0
5252,35.5
4647,85.3
2445,81.5
4247,192.0
4508,94.7
4362,171.5
1268,63.0
733,84.9
3724,211.0
4395,155.0
4921,55.5
4959,65.8
5038,111.4
527,137.2
1544,55.0
5002,55.3
4573,47.0
2721,78.5
1483,83.6
803,105.0
857,111.0
1281,151.0
2763,48.3
5702,42.8
4522,129.0
2897,71.0
219,45.3
5006,101.0
1115,112.4
582,108.5
5429,55.0
43,73.0
5381,114.0
2495,39.3
4478,215.0
5075,41.7
1224,91.0
2611,78.0
1071,79.4
718,56.7
4951,119.0
2284,50.0
670,53.0
5152,204.0
2893,37.0
3450,165.5
3439,155.2
897,43.0
95,37.2
4552,94.0
4865,176.0
842,49.4
4554,61.0
2522,38.0
5464,80.5
2440,76.0
1897,52.0
1864,71.0
4897,47.0
322,70.0
4205,126.7
5115,93.0
2940,47.0
334,103.0
2464,106.0
332,62.0
833,127.0
2364,75.0
4942,93.0
3163,48.5
5643,187.3
3033,113.0
731,43.0
291,120.0
184,105.3
3049,46.0
1721,51.0
3316,86.0
533,47.0
2644,45.0
1323,268.5
1859,65.0
4489,57.6
657,47.7
1255,265.0
2347,49.7
2330,44.3
2314,46.0
2418,45.5
898,294.8
428,80.2
3895,129.0
4584,91.0
1732,49.5
1978,35.0
1222,71.0
1513,115.0
5598,43.5
3844,88.6
3904,50.8
4355,49.0
2577,49.0
4605,53.0
2288,40.0
1717,57.0
4775,70.0
5758,42.0
5236,37.7
4790,299.0
1728,94.0
2437,61.0
5528,40.0
4574,35.0
2024,34.0
2970,58.0
2447,63.0
3624,57.0
1126,200.0
2847,41.0
1561,109.0
3908,258.0
1292,147.0
70,45.1
2244,94.0
1305,39.2
3145,99.7
5246,37.2
4012,86.0
3916,74.0
831,51.1
3404,59.0
4989,70.0
4856,155.7
238,70.0
2462,50.5
2053,41.0
2351,90.0
2323,61.7
1505,71.3
3214,45.7
1001,114.0
4305,76.8
5047,49.5
2127,50.0
3832,45.0
957,66.0
3550,77.5
4521,265.0
1397,231.0
1467,109.0
411,60.2
5271,35.0
5567,121.5
1539,48.5
1436,79.1
3968,115.5
4602,132.0
1034,95.8
3227,61.8
4534,220.4
931,70.0
5288,92.7
5543,87.4
633,74.5
3181,90.5
498,96.0
2505,161.0
415,119.5
2173,63.5
5649,64.3
2191,43.0
1665,88.0
757,83.0
5113,111.0
1041,44.0
4883,69.3
4634,53.0
2895,91.0
3942,84.0
596,73.8
2339,84.0
1068,50.0
3237,272.8
3323,33.0
652,42.2
5140,88.0
4649,114.5
3877,126.0
1670,89.0
4724,46.0
3456,103.5
5481,45.0
4329,39.0
75,82.8
3995,171.5
4523,359.0
4886,69.9
3634,43.0
5327,147.0
5542,94.5
4403,130.0
2317,55.0
4944,52.0
1010,50.0
1029,47.4
2034,73.0
828,91.5
2523,44.8
1564,45.6
96,41.7
2882,50.0
4443,77.9
5482,84.0
3796,43.3
1200,70.0
621,148.0
566,43.5
543,165.0
1334,79.0
3547,81.0
51,77.0
4879,95.7
5396,53.0
4121,133.5
745,63.2
4162,127.0
1729,91.7
3612,126.0
195,45.3
2146,42.0
1672,50.0
3528,55.4
802,59.4
3977,55.0
620,209.4
1504,84.0
3921,101.0
3384,43.4
5448,71.8
5296,51.2
1700,65.0
644,50.9
1737,114.0
4340,122.5
4742,76.5
3539,99.0
3800,42.6
120,36.0
2722,96.0
3757,135.5
3892,143.5
5782,50.0
2860,37.0
1230,132.0
2574,125.3
3240,65.2
2177,72.0
3017,56.0
134,36.8
4020,63.6
2405,72.0
3393,106.0
2874,39.7
1840,60.0
5520,49.0
511,68.3
62,40.7
3520,46.0
5042,60.5
2072,39.0
4224,64.0
4302,120.0
3441,198.5
1211,44.3
122,90.0
3038,135.0
3808,83.0
3248,61.5
2963,51.5
1210,68.0
567,44.0
5108,74.2
548,41.9
864,80.7
4385,97.4
1392,246.0
4480,100.0
3247,79.7
1782,159.0
4640,113.5
720,32.6
5154,89.0
3824,69.0
690,102.5
602,123.0
1699,49.5
4081,71.0
4693,39.2
2414,83.0
1832,112.0
4349,126.8
318,35.0
5046,48.0
1558,83.0
274,112.0
4984,114.0
1361,42.0
2209,45.0
5036,97.0
3288,183.0
3620,52.5
3604,104.0
3161,60.3
945,57.9
4559,52.7
5589,63.3
295,57.0
1600,91.8
2868,55.0
298,173.5
68,49.0
4240,97.2
736,115.0
2985,385.0
3023,59.5
3403,191.5
1813,49.5
3785,92.5
150,43.0
756,147.8
4037,75.0
3360,90.8
5283,84.1
3053,52.0
5139,103.5
4810,129.0
376,45.0
3279,61.0
859,53.0
2031,52.0
3761,55.0
5259,46.4
378,65.2
4352,79.3
1294,113.0
1945,156.0
1432,75.9
3207,107.0
5102,133.0
2746,92.0
1747,250.0
3014,50.0
5791,118.3
3309,142.8
841,55.0
2845,46.0
1189,82.0
175,61.0
2377,44.5
927,46.8
3039,94.0
45,36.5
1260,107.1
1096,115.7
3829,93.0
5500,40.0
4207,108.9
4925,63.5
4154,178.0
1030,46.5
5198,202.7
300,70.3
3479,95.5
1472,66.0
283,63.5
5471,57.8
2313,54.0
4829,40.5
3126,51.0
3080,60.3
3897,170.4
1803,74.5
4557,246.7
5386,74.3
4418,70.0
1957,50.5
2124,68.5
4011,113.0
5757,44.2
3296,170.0
5630,60.5
4609,183.0
2022,39.0
5281,60.1
257,47.2
507,35.0
3125,270.0
99,38.5
2758,44.7
744,94.0
1870,79.0
5367,33.4
1375,140.2
4541,44.8
2559,91.0
2977,72.0
1157,84.9
4217,77.0
2694,31.5
4741,45.0
1437,134.0
366,64.8
2099,109.0
3149,107.5
1934,116.0
4487,158.0
3353,172.5
949,85.1
3699,175.5
19,114.8
229,65.0
3992,188.0
668,37.6
218,113.0
4840,92.0
3758,64.7
4591,92.0
3807,94.4
4238,175.5
585,67.6
2998,33.0
4939,36.8
5330,118.6
4157,83.0
777,73.4
5061,66.6
1018,67.2
1606,87.0
3833,59.3
2986,110.0
1491,114.9
1756,98.5
4941,82.1
4725,41.0
2910,56.0
4335,59.0
3012,61.0
1593,47.0
517,262.0
2018,45.0
5456,52.5
2549,78.0
5474,85.0
217,124.0
3689,36.8
4299,68.8
360,162.0
4631,47.0
3116,57.3
2809,41.5
1052,61.0
5299,35.2
759,86.8
4510,209.2
4486,149.5
1426,117.2
3780,76.0
3939,78.6
214,60.0
1614,103.0
4803,98.5
3614,106.0
1773,49.5
4516,163.5
4196,157.6
2892,35.0
3473,95.0
196,44.0
4857,101.0
2333,61.5
1512,45.5
3770,139.0
4538,50.0
1056,79.0
2304,47.0
887,62.3
2170,125.5
3960,43.0
3285,66.5
568,47.4
4526,234.0
3386,48.4
5774,69.0
1951,230.0
139,37.0
2877,48.2
2133,57.0
2890,35.0
1149,80.9
2264,59.0
2732,56.0
2647,36.0
463,131.0
5322,171.0
5754,78.3
4819,65.0
594,59.1
2873,36.0
4993,94.0
450,49.0
3322,41.0
4384,191.5
518,89.0
4434,155.0
1780,103.5
2627,92.5
1831,47.7
5573,73.3
3570,57.5
1174,108.0
2240,119.0
451,48.5
4870,69.3
2787,115.0
3950,174.0
4684,154.0
1578,55.0
3866,156.0
1615,36.5
4198,181.5
3653,66.1
3211,109.0
1263,49.0
5430,70.0
999,38.0
3513,182.0
5106,65.3
4098,143.5
1476,123.0
192,65.2
4535,100.0
5219,122.0
4834,49.0
2229,70.3
4890,59.2
5125,119.2
1338,225.5
5148,194.0
3379,38.5
2617,126.0
5074,56.0
1293,92.0
4359,40.6
5189,239.7
3574,50.5
2484,166.0
5590,84.0
3927,63.6
368,83.3
3395,70.0
1151,72.1
5122,73.0
3764,45.8
2195,44.0
4997,56.6
3320,33.0
5703,36.0
191,79.5
3203,130.3
108,36.0
174,54.3
3132,131.0
5609,96.0
1598,57.0
1360,42.8
1860,62.0
5662,51.0
5045,63.6
5644,45.0
2633,51.0
3889,138.0
1164,38.0
3567,97.6
476,128.0
1876,115.5
4317,166.0
4139,100.0
1616,43.0
312,47.5
4010,111.5
508,63.5
166,46.6
2153,59.0
3862,133.5
2104,197.0
1024,34.4
1221,67.7
3437,81.8
1119,53.0
103,36.3
5216,109.7
4257,41.1
4505,104.8
2929,39.5
5608,81.1
3838,100.9
1752,60.0
5176,140.0
2181,49.0
3745,67.0
4015,89.0
5305,84.0
1658,40.0
152,75.3
2410,54.0
3346,95.0
1583,59.8
5438,54.0
2656,144.0
725,57.3
3165,188.3
1503,106.0
2802,53.3
2387,44.0
3786,133.5
1879,106.7
5585,42.9
4113,56.2
5346,66.8
31,78.2
1225,71.0
937,49.0
1822,46.0
2110,41.0
4471,69.0
752,96.5
2843,49.0
309,62.0
3246,143.0
4935,55.2
503,67.0
3454,111.0
4922,64.5
3874,96.4
5582,63.6
3794,50.8
495,48.0
1405,98.0
4102,186.0
205,53.5
1434,48.6
1135,146.0
3527,63.5
868,63.2
701,97.0
3841,145.5
305,58.0
2570,122.0
1192,142.2
5242,35.4
4527,102.8
1534,91.5
1061,100.1
843,48.4
2776,45.0
3588,41.0
2366,186.0
4410,58.7
1538,87.0
211,90.0
1340,69.2
1108,93.0
3475,98.0
4518,189.0
679,55.0
2168,38.0
5062,60.7
2698,34.0
3869,159.7
565,36.0
2086,160.0
2404,40.0
1532,106.0
5518,78.6
680,75.9
5612,140.0
180,47.0
3509,127.0
2077,49.0
3070,44.0
4940,46.0
278,68.0
4894,62.6
3631,152.4
1204,55.0
2232,61.0
432,48.6
289,44.8
5030,58.2
1027,77.7
535,52.5
1559,62.2
993,143.0
1187,60.7
188,44.7
2876,41.0
5633,147.0
2412,64.7
4063,70.0
706,155.0
4001,183.0
270,87.2
4778,54.0
4731,159.0
2517,88.0
2650,42.0
4801,137.0
2087,135.0
4502,108.0
111,41.0
1170,37.0
1391,186.0
2594,55.0
220,49.0
4675,118.0
627,70.9
4888,74.8
3011,61.0
83,41.1
3208,71.6
790,50.3
2654,153.0
461,61.0
5097,75.0
5490,45.3
551,56.1
1964,39.0
2917,48.5
4022,52.3
198,76.3
5470,57.7
3768,69.0
402,71.5
4969,79.0
4049,115.0
4876,91.7
5522,45.0
2687,61.0
3541,250.5
5404,52.5
650,50.8
4638,136.0
708,62.0
3933,46.0
5227,78.0
3332,35.5
5112,70.0
5413,171.0
2436,56.0
1424,85.0
1216,60.6
4839,99.5
1924,77.0
2550,97.0
4664,120.7
1738,141.0
314,45.2
3270,204.5
2187,54.0
4545,115.2
1427,185.3
4466,62.8
4032,47.2
5186,134.5
4095,98.5
113,66.1
960,74.0
4581,66.6
2996,31.0
1114,187.8
4262,115.4
5800,132.0
3822,79.0
684,77.4
4653,106.0
4327,217.5
5247,47.1
1881,114.0
2312,72.0
3471,166.7
2972,55.5
1634,113.0
2815,48.5
5769,43.5
5231,38.8
2609,79.0
2115,56.5
1858,58.0
2095,106.0
326,64.0
604,78.0
5389,63.2
1695,82.9
4371,173.4
4350,196.0
3410,286.7
5012,50.0
2094,77.0
4889,64.3
3966,127.6
1288,141.0
2154,129.6
3784,146.0
2409,57.0
3534,85.0
3989,151.3
2829,65.5
348,91.1
3162,46.0
2463,72.0
3551,71.0
789,46.0
1626,69.7
5753,80.0
2753,54.0
2287,36.0
321,72.7
871,349.0
2765,46.0
169,46.0
3220,101.3
2004,41.0
4258,91.0
2700,30.3
1961,34.0
5626,50.0
1535,205.0
2670,30.0
4546,66.7
5270,41.4
73,81.0
420,73.3
4048,87.2
2167,35.5
5532,67.0
92,42.7
1877,87.0
5297,51.0
1623,69.7
3047,79.0
4578,56.8
4691,106.5
3815,63.0
3370,131.0
3697,149.9
2218,57.0
494,55.3
4490,298.5
2900,85.0
4626,55.2
1270,38.7
5756,36.2
2759,60.0
4789,139.0
618,52.0
4962,51.9
2480,96.0
2380,39.0
2943,51.0
4577,52.0
1413,129.0
3010,51.0
4325,138.7
869,136.3
2006,45.0
4567,136.3
356,40.2
1162,39.7
4400,138.0
3398,119.0
5716,90.0
1890,125.0
579,171.0
5622,96.9
1691,56.0
862,79.0
3739,72.2
4060,107.0
5670,112.3
1116,65.0
1541,54.0
4148,55.0
4643,98.3
5792,72.2
4040,93.0
5123,63.0
5138,123.2
5705,39.1
2503,125.0
5533,55.2
2275,90.5
5563,85.2
2052,33.0
1776,49.0
3050,90.0
4153,168.0
1592,97.7
1723,144.1
4536,53.0
5129,217.0
490,68.0
5687,44.1
1006,40.0
2937,42.0
3722,202.0
1417,86.5
25,185.0
1113,105.7
3378,40.9
1552,68.0
4955,51.7
5798,55.3
433,84.8
5681,74.5
2619,121.0
3749,35.0
4986,73.0
3648,204.0
3680,95.8
4304,60.0
2819,45.0
3856,162.0
1102,72.3
2827,59.2
5794,93.1
194,54.4
615,87.0
643,60.0
4041,56.1
2276,47.0
4903,41.4
330,77.0
3491,82.0
5614,102.0
3082,66.7
483,65.1
4586,124.0
4002,75.0
2059,38.0
3649,143.0
32,70.1
3881,372.0
4563,49.2
3257,54.0
1444,162.7
2316,40.0
5655,126.0
1705,65.3
2233,71.0
2406,39.0
3809,131.0
1401,293.0
3123,140.2
170,36.5
540,97.0
4071,92.0
5436,62.0
2600,57.0
2534,114.0
674,40.3
5089,129.0
3001,41.5
1815,50.5
3544,178.0
2100,84.0
2916,46.3
4885,100.0
2101,104.7
4912,52.1
2615,68.0
1548,57.6
2225,106.5
355,71.0
2328,57.3
4126,44.4
3166,130.5
5668,66.0
4125,114.7
1051,62.2
3319,40.8
4025,195.4
1751,74.8
2298,34.5
1772,35.5
1196,149.0
1878,71.5
2016,59.0
2005,41.5
3806,138.5
1482,79.0
328,88.1
648,63.0
5245,38.7
1123,54.8
2589,54.7
4556,109.3
2662,35.5
2945,117.0
5184,44.5
1259,60.7
5405,59.0
4628,101.0
5158,93.5
1519,214.0
1378,94.0
4229,107.0
1023,74.8
2685,34.0
5775,146.0
2407,57.0
912,142.0
5796,125.9
1675,100.0
1746,169.0
4698,71.5
1736,55.8
1629,88.5
3932,48.0
430,176.0
1808,46.0
4509,122.5
3985,105.1
4075,132.5
3252,211.0
5726,50.0
2222,92.0
4898,72.0
3013,58.5
5596,62.1
3402,103.1
5149,187.3
1995,46.0
2966,69.5
2224,115.0
1106,113.0
3793,53.3
818,73.0
3803,73.5
4901,53.5
1697,97.5
2369,56.5
136,35.4
4386,136.7
2924,65.5
5141,91.3
1180,50.0
3209,88.7
888,77.8
2384,39.0
2704,32.0
817,104.0
1111,123.0
4274,53.0
4690,232.0
1264,42.5
990,61.5
3603,359.0
1739,128.0
3482,174.0
353,91.0
4417,102.2
2292,39.5
4035,35.5
1489,96.0
5647,54.3
1228,46.8
3617,37.5
5495,150.2
52,105.8
5004,56.1
4826,64.0
3101,79.0
3409,229.0
1589,68.0
1479,58.2
1469,142.0
2864,43.0
2078,44.0
4500,162.0
5712,48.0
2420,32.0
436,91.2
4714,95.0
1588,54.4
4399,148.0
1590,79.3
5031,78.0
973,81.0
1238,176.0
2306,41.7
4174,103.8
4952,110.0
2231,61.0
2350,135.0
1497,53.4
449,59.2
3143,94.0
5207,92.6
3688,76.3
1551,40.6
5143,189.3
1146,59.0
3489,176.3
2092,55.0
1313,117.0
2015,44.0
3048,99.0
2543,47.0
2807,43.0
3994,61.8
4760,75.0
413,56.0
941,68.0
801,80.0
2337,62.0
3967,141.0
256,88.4
5688,67.0
2235,39.3
647,66.6
1767,35.5
3893,50.0
4674,135.0
3615,127.0
2450,35.0
24,117.0
1088,46.0
2646,46.0
3625,63.4
112,39.0
2311,67.0
2582,40.0
56,232.0
1309,49.4
695,37.8
4215,81.7
1227,54.5
3964,79.5
276,83.0
2481,171.0
1833,82.0
682,51.7
5508,71.5
5137,119.4
1137,182.0
3504,67.5
3235,335.0
4376,232.0
3197,104.0
1346,82.0
2671,37.0
2751,41.5
5514,59.0
3666,82.0
4391,167.5
3034,55.7
2432,87.0
3035,108.0
3336,37.5
3334,43.0
4822,152.0
4762,47.0
81,35.1
1972,40.5
1714,50.0
2603,74.0
5797,90.8
1946,107.0
3787,63.6
4030,55.9
1610,77.0
4766,34.0
2699,34.5
3026,55.5
5666,69.0
5110,127.8
665,39.6
2194,38.0
3483,76.0
4932,92.0
1017,96.8
557,57.0
3560,49.0
3938,121.6
1207,171.0
2678,33.5
3685,108.5
1510,155.0
3442,162.1
4756,32.0
3801,39.0
266,123.8
3721,96.0
3128,62.0
2111,33.5
5768,41.2
1909,42.5
4291,72.0
3646,47.0
4077,48.0
3720,165.0
5605,104.9
1784,128.0
1237,95.0
4825,145.0
3074,68.0
5721,95.0
2186,34.0
3221,151.0
908,130.7
1303,53.5
5416,73.0
1627,64.0
1522,93.8
835,123.0
358,87.2
138,51.7
299,131.5
1556,60.0
1003,86.3
382,123.2
2905,38.5
761,53.2
4758,217.0
3077,44.0
2915,40.5
4687,95.0
3870,141.8
1402,183.0
4833,43.0
5081,52.0
1932,142.0
4310,31.3
2706,31.0
4619,158.0
4954,63.5
3825,73.2
3616,69.5
58,48.0
76,67.0
796,40.2
2416,34.0
2788,66.0
4235,75.7
785,52.2
2707,38.5
5273,46.6
2217,84.0
2596,55.0
2456,48.5
3274,153.0
5262,36.8
4472,69.0
910,172.0
2172,42.0
3286,170.0
2309,35.0
5433,74.0
1257,134.0
4366,90.0
3931,58.7
1178,46.6
5250,36.0
4734,71.7
442,49.1
5119,144.0
2836,216.0
3076,52.0
5529,62.0
1054,115.0
2488,115.0
4442,70.0
2842,44.5
1415,93.6
2372,50.0
4080,87.0
2775,50.0
4919,65.0
5077,71.7
4868,83.0
1502,190.5
3563,100.0
4128,49.0
2011,53.5
4390,154.0
2865,43.0
4676,77.7
4377,196.0
5214,123.0
6,208.5
2487,107.0
678,35.2
1943,106.0
3470,152.9
5335,56.0
3107,123.0
4448,67.4
3326,82.3
5332,63.1
1064,63.7
3982,74.0
2242,166.0
1474,122.0
5723,59.0
1889,138.0
3226,55.0
2021,38.5
4562,40.1
4003,137.5
2467,98.0
5473,69.1
1130,245.0
1461,144.0
2941,41.0
5700,44.4
3381,32.0
3529,49.7
222,49.0
5377,52.0
48,99.0
573,33.2
1236,109.5
4407,149.0
5619,58.0
5210,187.8
2282,43.5
5617,60.6
267,110.0
1104,96.0
2305,45.0
4561,49.0
1935,41.0
386,49.0
1701,38.7
4093,97.0
5368,39.4
2789,40.3
5071,75.1
1563,86.0
3340,69.5
209,68.7
909,124.2
1289,162.0
4374,148.3
3601,56.0
1842,106.0
2497,34.0
4740,86.0
3396,63.0
958,70.3
1793,44.0
2088,109.0
331,79.3
3114,65.8
3626,64.5
2794,38.5
2459,49.0
1774,45.0
4043,123.0
3142,87.0
4100,123.5
4707,119.0
2680,35.0
5418,56.1
4861,57.3
1710,72.9
4657,88.0
2478,96.0
1366,74.9
173,52.2
3773,125.0
4267,115.0
2705,32.0
5309,115.0
1952,120.5
3366,157.4
3133,136.0
2036,42.0
5428,97.0
4248,108.0
3934,105.2
0,89.0
2174,69.0
1356,74.7
4313,68.0
5274,47.5
2948,72.0
396,70.0
4354,56.0
3121,51.0
1812,59.5
3875,182.7
5527,49.1
816,154.0
1572,188.0
4013,81.4
1800,128.7
2280,134.5
3497,91.0
4587,181.0
4381,126.0
3064,164.8
4999,61.7
3607,49.0
3774,156.0
3090,355.0
4004,144.1
4149,66.0
554,58.7
1159,69.0
1213,60.5
2922,99.0
1325,74.0
3066,248.0
3129,191.3
700,153.5
4144,76.0
4065,67.0
4254,100.6
1455,140.0
4852,138.0
2754,125.0
5574,125.0
866,108.0
1644,115.0
2140,51.0
3733,37.0
5566,47.6
1490,80.0
2879,40.0
729,66.0
3592,117.5
3269,81.5
2620,100.0
1936,64.0
3792,62.0
1110,122.2
4710,84.6
5182,126.0
2394,78.0
1185,281.5
2007,47.0
193,45.5
1515,57.7
578,129.7
2123,53.8
1429,119.5
771,121.5
3341,194.0
2395,92.7
5742,96.8
1846,78.0
131,109.5
178,39.8
5382,85.0
3558,61.0
3477,95.8
2580,49.0
3383,37.0
3135,35.0
5488,46.8
3467,92.0
2073,41.7
658,38.5
1896,67.0
4259,56.5
3795,98.3
2221,61.0
5491,76.7
2379,49.0
1447,109.0
342,70.2
3362,204.0
2527,62.0
727,57.0
5497,113.0
976,34.3
5648,47.0
3941,92.0
1928,68.0
4761,51.7
5568,111.7
1299,50.7
3961,65.0
5324,51.1
660,46.3
1790,47.0
3167,132.0
3682,118.3
3937,108.0
2903,50.5
5349,90.0
5658,68.5
3573,83.0
5337,68.5
1085,62.7
5476,93.3
694,73.3
1278,52.0
5512,57.7
1621,128.0
2561,83.0
3997,154.7
3742,44.7
67,40.9
3411,155.5
2812,42.0
2269,212.0
4055,85.2
4568,117.0
820,51.2
1226,90.0
4283,59.7
4844,184.1
2367,159.0
5378,83.0
3628,87.0
2512,92.0
5166,99.0
4936,39.6
5627,74.0
1143,58.5
397,59.2
3846,145.2
4971,77.0
3650,197.0
1398,213.0
1659,37.0
2220,53.0
979,36.4
2331,59.7
1298,95.0
4543,80.0
82,38.8
4091,167.0
3253,131.0
4531,80.8
3671,46.5
4564,75.5
4958,52.0
423,54.0
5432,60.3
1904,50.7
5257,37.4
1530,49.0
4103,176.0
1565,46.0
4284,80.9
2749,115.0
839,84.0
500,45.2
4668,120.2
141,44.5
5103,125.6
2605,55.0
1377,85.9
4504,150.3
5684,41.4
2266,55.0
2835,49.0
1138,47.6
2257,51.0
3361,103.0
1787,157.0
3392,105.0
550,50.1
459,135.0
2019,45.0
948,109.2
3000,30.5
2913,45.0
532,128.7
3589,105.0
1829,71.3
3858,120.7
5117,66.0
4625,59.2
4532,126.7
1602,73.0
2238,57.5
639,79.4
5599,42.6
967,72.0
4899,117.3
5706,43.5
1683,149.0
2248,38.5
3886,80.0
5181,88.0
5689,53.0
155,39.0
2295,38.0
3290,122.5
3753,43.0
1089,52.8
3501,135.5
2319,44.7
4904,64.0
288,62.0
930,46.0
4086,76.3
5638,111.3
3154,59.0
3002,32.0
5261,35.2
5613,104.0
3130,51.3
5714,107.7
942,65.2
2354,53.0
4606,124.5
5000,96.0
5408,48.0
1698,50.7
5460,56.4
3909,164.0
3311,67.0
4392,106.0
4681,101.0
985,102.2
3667,85.5
4850,121.7
2954,176.7
5536,44.0
981,82.5
3295,112.6
3043,151.0
5275,53.9
3217,73.7
4147,86.5
3887,128.0
4396,144.0
3917,85.0
4600,117.8
1457,137.5
1395,211.0
264,54.0
2748,170.0
3169,160.0
2692,46.0
929,39.9
5439,51.9
5043,68.6
2400,43.0
2178,67.0
3555,72.0
246,114.0
1594,42.0
1758,47.2
5640,51.0
4054,58.6
923,57.3
3102,63.0
268,43.0
669,44.0
3662,127.3
1910,44.2
3954,128.0
1152,109.3
5580,109.5
4347,125.0
2696,31.5
2591,44.3
4905,110.0
1781,145.0
2413,62.0
2307,39.5
5190,58.0
3949,94.3
1915,36.0
612,79.0
4614,52.0
2267,49.0
2533,102.0
39,81.2
1898,51.0
1649,53.8
5058,50.0
258,71.0
2434,74.0
847,64.5
2822,66.0
5355,71.5
4916,53.4
3692,39.0
3399,91.5
1233,114.0
1127,106.3
5410,41.7
1967,39.5
558,35.9
904,41.0
2614,87.7
484,71.0
2211,52.0
1320,174.7
3112,124.0
2555,111.0
7,196.8
2315,48.0
5165,175.8
5693,31.5
4166,81.0
5093,66.5
1450,93.5
1201,138.5
2426,70.0
2648,30.0
1814,50.0
2726,47.0
773,100.8
2274,64.0
1011,111.0
3725,200.5
4369,130.0
1991,40.0
1277,120.0
1783,96.0
4105,111.0
446,171.5
880,110.6
5169,216.0
2727,46.0
781,55.0
2651,30.0
5631,91.3
1749,47.0
2126,40.0
3433,202.3
3976,59.2
2423,86.0
5660,76.5
4996,61.0
883,58.4
3200,113.0
1091,107.4
4192,121.8
4028,62.0
531,96.4
3352,57.0
2438,61.0
4701,168.0
4599,119.0
3898,125.5
4746,63.8
2290,39.0
1727,75.0
610,92.7
570,52.5
3523,52.0
5446,74.9
343,125.0
5286,57.6
636,98.9
434,165.7
1903,75.3
97,102.3
3065,229.0
4520,142.0
2069,39.7
1537,78.0
5178,77.5
3896,156.0
5096,52.0
3103,61.6
1517,112.0
965,216.0
5101,139.3
528,89.3
176,45.3
2470,49.0
4367,133.0
3358,103.0
4966,67.4
572,40.8
5606,43.4
592,53.5
4808,83.0
3254,155.0
2374,47.0
5441,57.1
4183,173.0
3413,48.5
2208,117.5
5144,144.7
2492,51.3
4991,74.6
383,121.0
852,71.3
1880,64.0
370,76.0
5201,50.7
4473,58.0
4998,56.7
1105,127.7
3400,65.0
2361,156.0
4661,78.0
1336,58.0
2189,43.2
5318,62.0
5223,193.4
5733,78.8
2246,63.0
3871,271.0
5616,41.3
1171,39.7
3425,94.0
3557,220.0
1422,102.4
2686,59.0
3098,58.0
4233,104.3
4807,79.0
1464,76.5
874,176.5
2297,62.3
2643,35.0
3206,143.0
5017,67.7
1251,61.4
3106,140.0
840,52.0
4066,80.3
581,125.0
204,65.3
1641,130.0
2014,116.0
905,112.0
631,84.4
4096,80.0
1974,54.0
162,65.0
4155,45.0
4246,157.0
5209,114.5
4732,122.0
617,63.7
875,98.8
1431,71.9
2973,54.0
3919,95.0
547,42.1
4270,71.8
5266,52.8
4881,68.1
3158,43.8
3515,256.0
3559,51.0
4727,46.0
2856,43.0
1861,63.0
2659,31.0
5321,122.6
640,126.2
4503,101.9
3956,38.7
5665,142.8
637,85.0
5502,178.0
4351,126.6
2308,59.3
3955,82.7
3820,65.8
2096,114.3
4902,71.0
4074,166.5
1372,157.0
4795,97.0
921,77.0
546,44.8
1449,168.0
2804,44.3
2610,100.0
1900,64.0
2757,43.0
2028,48.0
2301,59.5
1885,75.0
1642,121.0
972,109.0
5572,109.7
2097,98.0
5035,80.0
4421,105.5
5208,101.2
5759,54.5
836,135.5
601,97.0
2184,33.0
4610,80.8
3429,195.5
4978,65.0
1582,85.0
5406,99.0
4970,132.0
3605,141.0
1070,100.0
1775,44.0
5571,81.8
1283,66.0
4219,108.0
4228,57.0
5511,44.5
1836,30.0
4906,60.7
1019,44.0
970,103.0
1326,77.1
3113,310.5
475,117.0
2810,53.0
4342,299.0
1651,51.9
5384,34.0
4953,86.0
2528,30.5
5634,108.8
3276,82.0
3414,53.0
1373,62.0
739,96.0
4453,55.0
3575,52.7
867,50.4
2974,44.0
1140,38.6
997,38.3
1337,122.5
541,39.6
1099,68.5
1132,255.0
5620,81.5
3590,49.5
2258,62.0
4683,74.0
2962,61.3
59,39.0
3813,47.0
1938,56.0
3407,217.0
5724,76.5
5788,111.8
2813,40.8
5018,62.0
3195,128.5
1078,106.0
4378,88.0
3859,121.0
4475,58.1
5591,90.0
2630,52.0
3328,97.1
5524,59.7
940,70.0
1080,85.0
187,38.0
4753,74.0
4540,63.0
2085,76.7
2249,42.5
3443,182.5
5671,111.7
2023,38.5
3543,143.0
1492,82.5
4447,69.6
226,124.5
1013,103.1
2583,54.7
1929,154.0
4050,55.3
5203,113.0
1404,135.0
2179,64.0
697,73.0
1124,183.0
3698,263.0
4715,72.5
1778,86.0
2634,60.0
3091,164.0
3781,54.0
1037,82.8
4827,65.5
2256,51.0
5192,164.0
5730,55.5
313,44.0
2649,35.0
2281,49.0
4938,49.0
5026,109.0
2547,59.5
1416,93.6
1036,128.2
2159,49.0
2984,250.0
3137,68.3
4815,136.0
1754,50.2
4114,61.7
3717,106.0
3565,107.0
5196,74.0
2520,43.0
873,78.7
5503,46.0
4337,51.0
1506,64.0
3839,56.8
1923,68.3
448,79.8
3975,36.6
3901,82.5
5761,40.2
3390,85.8
361,70.7
2183,31.5
1134,217.0
3199,122.8
4975,66.7
2155,33.0
1830,58.5
1053,43.0
2460,49.0
22,66.0
2066,44.0
1653,46.5
3418,42.0
4182,122.5
2743,97.0
3700,265.0
4712,70.2
2468,46.0
2325,59.7
460,75.5
1067,75.0
87,80.0
1430,97.7
3492,233.5
282,46.0
2483,125.0
462,47.0
212,63.0
2588,36.0
3303,55.0
2907,76.7
2581,50.0
1368,71.1
234,48.4
3664,125.0
597,42.8
5120,133.0
2250,46.0
4709,90.0
2283,36.0
662,42.5
5755,52.3
2285,34.0
5469,58.6
5251,32.7
5174,142.7
5290,78.0
3307,65.5
2990,74.0
5157,248.0
779,87.2
2544,47.0
4303,63.0
4332,49.5
4237,85.2
5164,148.0
4767,68.0
5602,52.8
685,84.1
3243,133.0
1748,167.0
3632,238.0
4481,162.0
2837,132.8
3032,90.8
2171,66.7
3518,182.0
1850,142.0
487,56.2
1688,59.0
2230,74.0
4222,37.1
2320,75.7
782,62.0
521,67.0
522,134.0
3751,50.0
2939,53.0
4666,91.5
2398,37.0
2207,44.5
5392,48.0
780,73.7
5343,80.1
5329,84.2
1511,84.8
1882,230.0
651,39.7
3686,56.3
4092,76.2
369,115.7
5060,51.1
3484,133.5
118,38.1
377,40.5
5069,62.8
2216,71.0
4404,133.0
1613,65.0
2883,55.0
4517,103.0
962,42.1
5218,126.0
2510,126.0
5443,57.3
4409,89.2
3731,49.0
359,59.0
4745,42.0
3957,39.0
2415,53.3
5394,86.5
4896,58.6
2185,41.3
3729,99.0
2567,78.0
2037,52.3
4928,53.5
772,74.0
1284,118.0
5328,81.7
5492,125.9
2587,43.3
5298,57.4
1414,186.0
1234,93.0
4239,159.0
435,68.1
1674,35.3
3299,151.0
365,48.5
3494,173.5
231,244.0
4934,55.1
147,61.0
5352,49.6
3088,76.0
5412,119.0
407,110.0
2090,119.0
86,52.0
3271,128.9
844,53.5
1031,110.0
4594,55.0
4180,157.7
3716,155.5
2987,90.0
4200,67.0
2628,84.0
3505,57.6
3524,64.2
855,91.7
3003,33.0
78,60.8
2992,70.3
2247,36.0
3789,259.0
5292,110.3
5331,45.8
758,104.1
3852,164.2
3355,89.0
3849,79.5
2279,153.0
3431,316.0
4099,141.0
4811,110.0
4615,203.0
4334,47.8
4356,61.0
2176,70.0
424,125.0
392,55.4
4322,101.0
5479,108.7
2239,54.0
104,56.0
2672,37.0
4375,240.0
4463,53.0
2068,68.5
4608,110.5
1948,166.0
1459,84.0
1768,54.0
3298,174.0
3706,234.0
3578,63.0
5551,201.7
1587,51.0
4482,174.2
1731,61.5
5523,32.0
4515,211.2
182,60.0
1791,47.0
2355,217.0
1940,56.0
702,56.0
2442,117.8
3718,89.0
496,79.5
4506,219.0
464,118.5
4549,86.7
5010,70.7
172,39.0
4072,62.0
5559,174.5
5162,142.0
2540,63.7
5748,49.0
4336,82.5
2260,183.0
3084,44.0
2112,43.5
900,76.4
1446,32.5
1911,43.0
2697,34.3
5623,68.7
741,86.0
2293,41.8
2452,40.0
3460,106.3
4733,86.0
1206,41.0
509,62.0
4806,163.0
3458,101.3
3705,197.0
5597,71.6
1549,41.0
3029,46.2
4368,189.9
2202,56.0
2566,85.2
3538,86.0
2044,57.0
767,54.3
5650,70.5
1508,48.0
3134,33.0
5637,73.5
421,89.5
123,47.8
4814,177.0
3469,165.7
3883,96.2
819,83.3
1403,189.0
1382,39.9
2148,53.7
4877,52.0
1575,96.5
1638,116.5
1795,42.0
3331,54.0
5790,99.5
5160,106.7
399,53.5
3151,88.1
2310,62.0
882,99.0
5765,71.8
3834,46.8
1352,57.0
5168,159.0
5272,51.9
2130,48.0
982,112.3
456,55.0
1486,106.5
1079,78.8
1950,128.0
4987,80.6
689,113.6
2429,86.5
641,125.5
2392,72.7
2825,54.0
1953,120.5
4264,193.5
3058,49.0
3658,52.5
4339,63.3
2710,49.0
1083,48.8
4296,61.0
5525,62.7
3872,185.0
1884,127.0
4357,63.2
389,69.0
2494,37.8
1851,136.0
3036,104.5
3827,82.3
845,67.7
542,98.0
91,50.3
5455,47.0
3647,111.5
1979,38.0
3244,166.1
3715,190.0
3150,68.3
5557,49.1
3842,52.1
4211,85.9
2964,52.0
3463,125.0
2529,36.7
3857,120.8
1676,78.0
1048,62.3
2949,60.5
1960,56.3
2530,32.3
4260,46.8
4739,191.0
3679,82.0
237,121.0
3922,49.2
4370,144.3
1133,196.0
2880,57.0
1805,101.0
4793,133.0
163,71.0
4373,169.5
5516,55.2
5461,73.0
5468,69.9
4519,169.0
4648,76.7
265,68.0
2001,63.0
1811,70.0
3277,87.0
4645,95.0
2978,70.0
4112,62.3
2906,41.3
4141,143.2
1428,59.3
398,41.3
4169,67.0
947,93.6
3078,67.0
3138,68.9
5170,174.6
4759,70.0
5388,55.0
4977,57.8
3229,73.0
3728,170.0
1452,184.7
593,48.0
2725,49.5
41,55.5
560,39.2
4671,50.0
3880,81.0
4034,44.8
243,73.7
3172,269.0
1339,92.5
4269,104.0
3914,58.8
405,108.8
1442,168.0
261,60.0
3655,91.3
3537,135.5
5285,57.9
1689,110.7
3478,151.0
1725,56.5
1203,203.5
834,86.2
1866,53.0
2496,42.8
3016,39.0
4358,41.7
2010,46.0
5366,96.0
340,76.0
5510,197.0
1601,118.5
2796,37.3
5678,54.6
5444,55.0
480,103.7
3734,63.5
2785,78.0
1523,189.0
4315,149.5
5145,137.2
5375,58.0
4039,91.1
799,120.0
1766,43.5
5185,105.5
3025,61.0
2453,33.0
4915,46.3
4582,122.0
4695,83.0
5425,63.8
363,48.0
1271,103.0
4078,62.8
5369,37.8
5601,79.1
5437,52.5
4792,140.0
347,89.0
4108,148.0
4622,109.0
3613,120.0
5354,58.3
2562,160.4
3027,57.3
5314,272.0
1423,110.2
656,53.6
3083,61.8
5339,92.5
2102,92.0
632,94.8
3946,68.5
2493,35.7
2665,32.5
4189,115.5
5121,120.0
4251,276.5
4101,82.3
2334,53.0
3548,76.0
4439,114.0
2500,43.0
3619,40.0
1465,99.5
4461,65.0
4686,76.0
115,44.4
1821,58.0
1494,60.6
2401,36.5
1232,44.0
2661,33.5
2817,53.5
3799,58.0
5295,62.0
1153,107.2
4603,135.0
5151,204.4
57,38.0
4316,150.0
3061,40.5
4956,65.6
5735,69.1
1735,196.0
5221,99.2
2823,54.0
2196,46.0
159,37.0
3837,52.0
2475,65.0
2564,194.8
4145,63.7
3912,40.8
2608,81.5
4479,91.0
707,92.7
3046,73.3
4947,129.9
1093,59.5
4420,101.5
1376,58.9
5698,49.2
72,40.0
1922,111.0
5008,54.7
1764,42.0
743,64.2
3805,92.8
1005,59.0
2668,32.0
1190,54.0
4244,94.0
2601,45.0
1125,88.0
1241,124.0
3771,149.5
5194,145.5
5084,45.9
5465,174.0
3351,85.0
998,57.1
4309,33.5
3765,46.5
2684,36.0
5021,158.5
1577,138.5
3668,169.4
5552,238.0
1826,96.5
1343,157.0
5784,48.0
5391,43.5
4786,125.0
440,117.0
5741,70.0
1100,86.0
2637,63.0
4053,61.0
649,60.7
1546,57.5
3231,89.0
4338,46.0
4402,91.0
4419,75.0
3918,149.0
2852,51.0
3503,86.4
4163,96.0
5269,39.6
630,106.7
672,37.9
1249,65.0
3817,73.6
482,72.7
1584,60.0
4073,63.0
5358,89.1
4031,46.0
1462,71.0
3040,118.8
4318,144.0
4650,72.0
5019,76.0
5773,99.0
3273,219.0
3238,108.0
3131,76.0
3683,133.0
2578,49.0
4572,86.5
49,69.0
4957,57.0
4051,89.0
858,73.0
3225,59.0
1072,78.0
719,53.9
2199,59.7
2631,48.0
5651,73.0
1660,38.6
1656,121.0
2425,80.0
4394,190.0
5711,48.5
5766,88.0
4252,230.4
3097,54.8
5347,105.0
5680,55.6
5509,91.0
3189,88.8
2934,121.5
4776,54.0
4181,115.0
2606,49.0
1385,125.0
4595,83.2
1399,196.0
1195,61.9
1408,261.0
1845,89.0
1798,189.0
1475,82.5
4194,120.7
35,53.2
4704,130.0
2345,52.5
444,46.8
3312,47.5
2359,117.0
3006,56.0
3654,44.0
2206,53.0
5087,56.2
5132,146.0
3657,66.0
3179,54.3
3422,133.0
1286,58.0
4293,98.8
349,151.5
3416,70.0
2137,70.5
2691,71.0
3945,84.5
4979,107.9
1681,43.8
4700,120.3
1443,171.5
4210,85.0
3215,36.6
1671,40.0
3905,159.0
1179,99.7
2798,43.3
1692,81.0
4272,154.2
4618,57.3
3635,39.3
372,46.0
3055,100.0
4450,91.0
1916,41.0
1357,59.3
1825,74.7
786,96.6
469,69.3
140,45.3
788,65.0
323,48.3
50,93.2
714,55.7
5202,98.6
2840,48.0
2446,47.0
5576,65.8
3188,310.0
5118,104.0
5320,142.0
4353,40.6
2666,39.0
406,137.7
20,152.5
1004,39.7
3984,54.0
890,232.0
2411,59.5
2545,48.0
1349,83.5
2390,54.0
5762,52.2
42,30.0
2830,57.7
4253,89.5
3371,233.5
3022,59.5
3364,140.0
303,67.5
5228,71.5
11,150.8
664,35.0
1177,205.8
3292,112.0
2676,32.0
1947,127.0
2501,54.0
1473,84.0
2863,43.0
2375,48.0
3865,92.0
2132,54.0
1026,46.0
3848,189.0
2989,98.7
961,55.0
2889,52.5
3021,57.0
3693,41.0
3015,52.3
4129,41.8
3338,200.0
2009,47.0
2149,69.0
1963,36.3
2338,48.0
4445,45.4
735,54.0
304,49.2
1440,130.0
1496,65.0
2652,48.0
2875,41.8
916,91.0
5130,86.0
710,57.8
5356,65.2
5109,44.8
4528,78.0
2772,55.0
1624,83.5
4597,132.0
821,75.9
1367,124.2
3712,239.0
1354,105.4
5419,97.0
850,64.2
3350,74.0
1000,38.0
5302,57.0
4165,102.0
4307,35.2
3525,46.0
18,65.5
1637,114.0
1667,103.7
493,62.0
3173,169.5
4651,83.0
4406,130.0
1347,123.2
3018,66.0
4525,106.5
3230,61.0
2636,78.3
5128,199.0
4768,81.0
2828,64.8
687,79.2
1112,69.0
3752,41.0
3232,50.4
1608,82.3
5600,54.8
703,62.0
1009,35.2
3291,160.0
3673,60.0
2408,57.0
1092,49.7
1327,52.6
5401,56.8
1677,62.0
1999,60.5
1310,48.0
3218,87.9
4047,81.0
4220,78.7
1987,42.0
4476,58.0
344,153.3
4841,119.0
986,97.8
587,182.2
5696,62.5
2791,63.0
4985,112.7
5360,175.0
4308,30.7
4110,91.7
4689,83.7
3485,106.2
4094,142.0
4824,86.5
3289,175.0
1142,72.0
2358,121.7
3264,155.0
3873,121.7
1198,185.0
85,40.8
1518,196.0
516,84.3
1381,90.5
3423,116.0
2716,32.0
4085,64.0
1014,84.0
128,46.0
1364,96.0
4456,59.6
4677,92.7
4122,184.3
891,159.5
2793,46.7
4866,79.0
1359,115.7
307,126.0
5704,37.2
1661,75.0
2431,52.3
4655,51.0
5526,55.2
1317,87.5
3499,54.3
5519,40.3
3249,123.9
2474,57.0
2542,65.5
5588,64.8
1246,65.9
4823,97.0
1208,58.2
3868,126.0
3377,42.1
216,168.2
4961,53.7
3882,114.4
4059,115.0
1239,115.0
2289,40.0
2740,60.0
275,160.0
489,187.8
1035,118.5
1229,44.5
5362,70.5
1008,33.4
5458,63.0
2884,50.0
4160,97.0
3828,65.0
2532,101.0
4982,137.0
1058,61.0
2166,40.0
4747,71.0
5028,90.8
281,51.0
1043,43.5
1316,78.5
5770,42.5
968,78.4
4882,150.0
2381,35.0
4629,82.4
1939,55.3
4151,84.3
1274,61.0
619,63.2
4204,44.5
1742,129.3
1390,170.0
4988,131.0
1847,86.0
1579,48.0
1655,126.0
3568,165.0
2352,90.0
2212,51.7
3275,184.3
2020,41.0
5764,56.0
1956,123.5
3178,71.4
3192,181.0
1307,33.8
2003,42.3
5163,143.0
575,91.9
2360,97.7
5779,33.0
5142,138.0
1706,62.3
1799,100.0
3347,104.3
5037,72.4
1280,79.0
4717,127.0
861,61.7
4796,70.5
1801,67.7
1628,121.0
1993,40.0
2639,41.0
269,77.8
629,92.1
4292,71.0
3081,70.0
3466,136.0
5059,65.8
4023,74.4
2046,33.0
4553,86.5
2113,38.0
27,140.0
2040,40.0
3928,75.1
5239,38.2
3216,71.9
3814,54.7
129,109.0
4295,219.0
5690,46.4
13,75.0
4974,64.5
1525,42.3
2365,162.5
3052,104.0
4005,54.2
2340,63.0
374,55.9
4221,32.0
4981,58.6
939,100.0
5553,53.1
2147,50.2
3591,56.2
5260,49.3
4874,55.7
3623,44.7
529,287.5
3714,184.0
1269,54.3
1394,61.0
4009,81.9
1797,69.5
2979,153.0
1441,133.0
4333,46.7
5652,42.0
3811,47.0
1273,97.5
1712,85.0
955,105.4
4290,98.3
4635,70.0
5126,108.0
403,46.3
2071,37.0
5513,98.7
1977,39.0
158,37.3
3888,175.0
902,102.7
352,59.0
4130,34.8
754,117.8
2971,55.5
5771,73.7
2920,103.7
311,76.3
661,48.7
1989,36.0
3665,40.0
306,67.5
2335,72.0
2356,257.0
3702,84.8
3804,108.7
1927,89.0
3427,102.1
749,33.5
3638,44.3
4738,97.5
1266,51.0
4397,146.3
5124,109.5
3595,160.8
2134,104.5
4109,189.0
514,79.4
5183,194.0
409,79.0
4323,211.0
5776,123.6
5731,81.0
5020,136.5
207,135.0
458,159.0
2054,35.0
2430,55.0
250,59.8
1107,145.6
4702,193.0
1713,48.2
3911,264.3
715,92.9
552,57.7
1439,85.6
2270,187.0
3144,117.3
5540,92.5
1925,157.5
634,98.1
316,44.0
5642,131.3
427,131.0
4301,113.5
105,30.0
3041,128.0
2169,158.0
1709,80.0
89,45.2
2241,100.0
3174,53.2
4326,152.5
1949,110.0
4044,69.5
2848,106.0
1,123.0
935,141.0
4965,70.5
2720,116.0
591,64.9
5044,68.0
2936,59.0
2448,68.0
1576,58.0
4837,60.4
213,54.0
778,72.8
3496,168.0
5341,121.2
2043,42.5
5256,44.5
1567,65.0
165,48.5
3566,116.0
4436,136.0
2013,56.0
273,92.0
3860,158.3
4167,88.5
4630,70.0
3788,96.9
394,58.8
583,38.0
5781,94.5
5379,113.8
5550,88.8
520,90.0
1763,50.5
1875,159.0
3965,129.7
3344,122.5
2253,41.0
3224,79.0
526,42.1
2946,108.0
3899,149.6
692,204.0
5487,78.4
3633,38.0
1050,74.9
590,65.4
519,90.9
3380,53.0
3676,56.8
4773,50.0
1607,138.0
3610,138.0
5537,85.4
1809,49.0
791,45.0
792,52.0
4763,53.7
1855,58.0
1980,50.0
3233,75.0
3598,123.0
933,134.0
3963,113.0
5387,58.0
4179,90.7
4026,304.0
4116,123.0
988,62.0
4470,60.7
3453,154.8
5294,73.3
3778,170.0
4862,52.1
3093,72.0
3155,58.8
3201,91.0
4679,86.0
1098,51.4
4813,146.0
2844,49.0
886,81.5
5719,206.5
4494,79.0
515,136.0
5350,84.0
1453,99.0
3553,61.0
3609,120.0
2506,118.0
2994,44.0
3999,279.0
5501,41.0
906,115.0
28,72.5
2507,62.0
2428,36.0
762,40.0
3747,33.6
284,62.0
686,67.6
2353,78.5
4665,89.0
21,85.0
2752,45.0
885,124.3
917,78.3
1040,54.0
1265,44.5
5014,138.0
277,58.0
2084,83.0
1245,132.9
2382,37.0
571,52.2
1435,99.8
3902,70.0
1247,64.4
3526,56.2
2514,96.0
1007,32.8
2064,44.0
4579,65.1
1690,82.9
5001,88.6
1985,38.0
294,69.7
1547,81.0
2012,41.0
588,118.7
3329,179.8
2403,40.0
2129,40.0
3998,121.0
5076,46.0
3741,59.6
3508,130.1
2719,118.0
5278,37.4
5284,73.4
556,59.5
2469,46.0
3738,43.6
4286,63.0
1716,85.4
2604,57.7
5621,56.5
1704,39.1
2139,61.7
3239,127.7
2383,43.0
4311,34.0
1285,58.0
4937,54.1
5179,259.0
3930,91.0
4383,185.0
1591,85.1
5135,73.5
2162,32.0
2396,73.0
317,58.0
5204,88.5
3111,214.0
4036,38.9
795,83.7
3020,68.0
1711,107.5
3387,44.4
36,74.0
913,213.4
3972,33.3
4133,37.4
974,64.5
983,111.9
4728,59.3
1418,81.3
1560,53.0
4135,82.0
4265,175.0
1355,89.8
5635,65.4
987,107.7
2682,32.3
1640,103.2
1290,98.0
3681,126.0
1380,101.0
1933,136.7
4878,64.9
3160,37.5
2030,92.0
892,227.5
4069,107.7
4255,94.3
2,176.0
2109,35.8
849,79.0
2737,61.0
2466,121.0
1914,36.0
1596,192.0
1913,32.7
5466,80.0
2736,69.0
726,58.4
53,53.2
1796,35.0
3845,134.2
2553,71.0
2800,41.3
936,56.3
5005,142.0
824,58.7
4321,181.0
3401,66.0
1389,98.0
3564,173.0
884,278.8
1868,60.0
10,195.0
3415,166.0
1463,68.0
806,56.1
4558,53.0
4068,50.0
2108,36.3
4895,48.0
5747,53.0
2234,57.5
963,67.0
2632,52.0
704,183.2
431,82.0
4388,110.0
145,47.0
2033,64.0
4863,103.3
1165,34.0
3500,56.8
2050,51.0
3760,52.2
2624,142.4
4435,134.5
4620,98.0
4641,85.0
4361,166.7
2424,89.0
1262,49.0
1771,66.0
3511,53.5
271,80.0
244,52.0
5624,89.7
2032,86.0
5080,101.6
813,108.7
3810,56.0
4708,132.0
1804,76.0
4346,121.0
2461,48.0
545,38.2
3241,92.5
738,104.3
310,40.5
3521,64.0
1131,148.5
5707,36.2
4111,62.8
2769,57.0
920,76.5
3587,40.7
3959,43.0
38,70.5
4459,88.7
4278,88.0
2983,169.0
5786,45.0
2667,30.0
3223,59.8
1182,96.0
614,88.8
5691,49.0
1466,120.6
4497,137.5
3042,119.7
934,98.0
2419,37.0
5230,47.0
4696,52.7
826,129.0
1521,105.6
2930,41.0
4232,100.0
628,73.5
4430,187.7
3853,134.0
390,55.0
4345,256.0
5653,33.8
3990,85.0
400,58.2
3359,139.0
46,41.3
5562,64.0
5710,34.0
3642,161.2
3726,160.5
5628,75.0
2421,90.5
1750,77.0
5604,107.7
4743,141.3
4062,86.0
338,57.7
215,59.5
3663,132.5
1341,63.8
5301,106.7
3894,61.5
3640,90.0
329,79.0
3004,31.0
5541,47.0
3115,60.1
5607,61.0
2322,68.0
4197,157.5
3549,36.0
1458,136.5
171,40.5
4203,35.6
4853,99.0
3569,87.0
4226,40.5
4726,45.0
4772,63.5
938,102.0
60,40.9
1240,45.8
4842,151.0
2120,31.0
1524,53.8
153,43.5
481,72.6
4460,72.0
3920,79.0
1762,52.0
750,52.5
1785,108.0
4501,164.0
2711,46.0
4685,163.0
4193,125.5
1333,70.7
5159,192.3
2854,50.0
186,39.5
1136,192.5
2058,31.0
4855,146.0
148,84.0
4124,149.0
3363,246.5
2866,57.0
3776,208.0
1386,281.0
5485,158.0
4794,204.0
3629,76.2
5217,97.0
3028,48.5
2969,47.0
5034,66.0
1708,49.0
2953,180.0
454,73.7
609,48.4
4263,177.0
4913,41.0
2074,53.0
4052,74.2
4713,93.0
1622,73.0
5078,73.3
40,65.9
2089,132.0
3924,87.0
2175,52.0
74,41.0
4639,131.8
5717,227.0
2657,211.0
3180,51.0
2076,34.0
441,49.9
2051,47.0
2541,73.2
1301,52.6
3430,188.0
1304,52.2
236,71.3
4828,62.5
2599,57.0
4616,67.0
2573,129.5
3280,80.0
3186,102.0
3953,189.0
2768,45.5
4223,42.7
2106,32.5
2679,30.0
2761,44.0
1387,200.0
5445,80.8
5244,33.0
1279,257.0
5682,64.4
1555,95.0
5240,39.0
3190,94.0
4566,95.0
5440,65.0
3594,66.0
1920,73.0
513,60.8
4177,127.5
1308,36.5
914,63.0
3452,61.0
3695,95.0
4242,165.5
3156,56.6
2198,66.0
774,114.2
4425,41.6
943,61.8
822,47.6
4277,103.5
164,42.5
4547,143.0
3983,66.2
2538,52.7
5555,140.6
1311,124.0
5267,44.4
4830,44.0
5383,71.0
3300,117.0
3310,58.5
327,165.0
2490,35.0
5435,73.0
4408,140.0
832,162.0
3079,58.1
3462,233.0
5079,85.1
54,82.0
4064,93.5
3451,63.0
1901,82.0
1481,68.4
4150,228.3
3335,42.6
946,65.8
3293,188.6
2161,36.5
4909,77.8
3057,46.0
768,41.4
5454,46.5
3495,84.0
285,58.7
5727,76.0
4524,140.5
5156,82.8
2332,56.0
2717,67.0
2079,49.0
3389,51.0
722,49.3
951,215.0
5048,53.0
2262,56.0
989,83.0
3212,68.5
1759,54.0
4755,38.0
4422,67.7
1724,124.0
341,79.8
3701,86.3
4243,153.0
688,90.0
3432,116.0
966,131.0
5480,63.0
2203,32.0
2713,33.5
5105,64.8
5303,130.7
3572,115.0
1990,44.0
4120,152.8
4750,73.0
5498,158.0
3600,42.0
5289,86.4
5772,56.0
4774,104.5
385,84.8
5054,46.4
5291,75.6
536,45.5
5411,43.2
4212,70.1
3507,103.0
201,45.0
1332,211.0
3502,163.0
2708,49.0
4662,70.0
4021,59.2
1854,53.8
5180,84.5
2872,199.3
3030,43.0
1205,37.4
1645,290.3
3417,137.0
3476,92.5
2861,65.0
1792,31.0
3797,51.6
3368,171.2
3367,150.4
3533,150.0
5085,113.5
3449,171.0
603,67.5
3056,72.0
5039,56.2
126,40.3
3876,78.8
2935,128.5
4451,57.0
3531,71.5
2730,51.0
827,60.1
1639,115.9
984,141.5
3281,85.4
5763,65.0
2188,61.0
5338,97.0
2443,74.3
362,101.5
2349,81.0
345,80.7
814,73.4
3205,117.5
4812,123.0
5558,53.7
3325,125.8
4106,98.0
2116,34.0
1834,74.5
793,43.5
5736,187.0
2674,34.0
94,44.6
4225,41.0
3756,67.0
2891,35.0
2371,72.0
4800,106.0
5136,170.0
3228,70.5
2853,74.0
2912,56.0
1865,72.0
4612,49.0
1857,48.2
2645,49.0
2243,77.5
2336,49.2
950,130.0
3068,59.0
1120,30.7
2597,41.2
2204,32.0
419,130.3
922,71.5
1254,65.0
477,139.0
2035,36.0
1202,119.0
2626,177.2
5677,55.3
1970,37.0
3110,69.0
4018,111.0
2151,48.0
3687,72.2
1997,41.5
4033,41.2
5685,49.4
3054,101.0
1248,338.0
2192,38.5
2712,38.0
992,50.3
2190,45.0
4670,73.0
3762,64.7
3597,108.3
4711,64.0
1318,102.2
1863,61.0
2343,53.7
2449,30.0
2136,72.5
1065,59.0
5751,80.4
4227,52.2
2621,108.0
77,53.5
2898,96.0
4820,76.0
1314,46.0
5057,53.5
872,195.0
3850,119.0
5549,53.0
2965,128.0
3391,164.0
2560,188.0
5679,128.3
2635,82.0
3530,60.0
375,61.2
1908,40.5
4429,176.0
5009,53.9
5066,56.5
4027,98.5
1604,63.3
1118,63.8
3677,108.3
3490,91.0
5639,55.2
2958,100.2
1994,54.7
5746,174.0
5033,55.0
2376,44.0
1342,66.0
320,65.5
1619,63.0
3713,215.0
2060,44.5
2219,72.5
1673,48.0
260,96.0
5663,121.7
2039,40.0
4785,135.0
901,86.3
3744,44.4
2026,44.5
4234,120.0
1917,40.5
1828,53.0
1573,120.0
4415,50.0
4749,52.3
5086,90.0
4654,388.0
4208,92.5
4627,63.0
224,44.0
723,51.0
5199,112.7
1141,39.1
2762,49.0
846,59.7
4289,64.4
2551,97.0
2928,60.0
117,61.0
645,35.7
3,222.0
4170,133.9
467,47.5
5,183.3
919,72.0
2595,48.0
4324,248.0
1063,49.5
2590,41.0
242,95.5
5040,66.2
1160,63.2
2870,204.0
3735,62.7
2397,38.0
3517,103.0
3421,319.0
2563,112.0
1605,239.0
5593,74.3
2324,63.5
2709,46.0
5091,72.1
1312,65.8
3448,85.0
3812,64.0
5395,53.5
2362,115.0
1975,54.0
3514,243.6
1761,61.0
2739,70.0
5402,54.5
2472,59.0
4007,73.6
4718,78.3
1493,52.0
4206,91.7
2158,55.0
1169,34.0
5233,43.6
232,55.3
66,47.9
1603,64.5
3283,114.8
3596,171.0
4632,85.0
125,46.5
1296,84.0
1976,30.0
5234,40.8
5195,198.0
2075,32.0
4580,81.5
3086,71.0
5023,77.3
3345,142.0
5175,140.5
2797,38.0
918,93.0
1646,80.0
4621,85.0
364,58.0
3287,223.0
2125,39.0
4123,112.0
4569,42.2
525,39.8
4821,89.0
55,89.0
638,79.8
302,71.3
2766,54.0
1276,121.0
4720,92.4
2055,36.0
4432,83.0
3644,74.0
4143,116.2
2878,44.7
4202,34.7
2286,35.0
2261,84.0
2296,62.3
1753,85.0
1968,35.3
5171,158.7
3117,43.0
2393,73.0
523,179.0
3900,67.8
5407,67.7
4699,122.0
3122,58.0
4156,59.0
1969,34.5
671,44.8
4188,134.5
666,48.0
5015,62.6
1887,206.0
3266,210.0
280,47.3
1719,54.0
2947,94.5
4455,140.0
899,95.9
5695,44.5
760,66.6
1906,45.7
4042,54.2
3823,80.3
4138,84.0
3818,55.8
4300,124.7
2593,48.0
4164,138.0
3031,104.2
3579,78.5
2832,49.0
3472,73.2
137,36.5
4892,44.0
2180,62.0
2128,67.0
3177,98.0
4854,176.0
4637,97.0
5049,60.3
4261,74.0
4344,146.8
1331,96.0
2017,124.0
4542,89.0
2482,51.0
1358,49.1
1329,143.5
5709,33.0
2150,61.0
4530,59.0
2122,55.2
4673,88.0
3981,41.0
1252,108.8
3278,139.5
3374,245.0
2814,45.5
4719,78.0
1848,46.0
4858,39.7
3037,111.0
388,58.0
235,50.0
1077,100.0
1984,37.0
4363,158.3
3962,145.5
770,38.0
2165,48.0
4533,128.0
673,37.9
249,58.5
1574,120.0
3419,102.0
2081,114.5
1823,45.0
5365,95.0
5548,42.8
4544,112.0
716,148.0
5167,191.0
5414,79.1
2048,38.0
4178,78.0
4809,94.0
2724,54.8
5238,40.0
1460,105.2
1668,236.0
2756,169.0
2000,65.0
4571,61.8
4613,38.0
404,46.0
384,71.0
5206,162.8
2152,47.5
1633,130.0
5310,152.7
4784,45.5
3925,179.0
4158,141.5
4948,81.2
223,112.0
2193,34.0
3136,65.7
4469,71.0
1824,35.0
5325,130.5
4972,74.0
797,105.3
2871,98.5
9,92.0
1944,174.0
1838,87.7
4804,135.0
255,71.0
4485,243.5
5398,53.6
1581,39.0
2956,149.0
924,71.3
5133,130.0
2508,106.0
5024,106.0
3775,146.4
4835,42.8
4136,67.5
4964,64.7
2779,117.0
539,74.1
2745,104.0
5212,105.4
5293,98.7
1145,59.6
5127,188.3
4468,65.5
667,60.0
3019,58.0
357,43.0
5063,53.5
2831,53.3
2783,78.0
1353,80.0
5131,66.5
470,74.4
2703,39.5
3330,109.4
3637,39.0
1396,234.0
3584,47.6
5200,89.0
3376,88.5
1256,132.0
3512,81.3
1250,60.8
5570,77.1
4298,49.1
3284,144.0
2933,136.0
4175,82.0
4910,94.5
1852,86.0
5427,50.0
5645,81.5
2105,57.7
133,61.0
5029,76.9
928,85.0
823,45.0
5263,44.8
1531,84.0
1214,50.0
504,52.0
4285,146.0
1996,40.5
3072,52.0
1958,41.0
1384,203.0
894,167.0
4924,57.2
455,90.7
5373,46.5
3709,220.7
5348,85.0
4849,153.0
4748,52.0
4268,121.3
3522,50.6
4134,84.0
3602,58.2
713,64.0
4186,112.0
2214,46.0
2923,79.0
1810,55.0
3486,108.0
3141,58.6
1827,42.0
1155,85.5
1324,57.8
4312,49.5
510,45.0
1680,45.7
499,38.0
5255,38.5
1856,63.0
1388,160.0
3719,96.3
2386,38.0
3236,124.0
1540,122.0
1217,108.4
2681,33.0
2993,48.0
1191,111.0
1542,49.0
3301,71.0
3324,36.0
2539,61.8
953,92.0
4846,236.0
4330,45.3
732,66.1
1156,73.2
5372,46.2
3294,88.0
2982,170.5
5161,165.3
2156,34.0
1062,39.0
2616,120.0
1167,40.0
3222,175.0
3636,40.2
2938,57.0
4491,121.0
3140,51.6
4980,54.7
143,62.3
3577,56.0
4946,142.4
2782,84.0
717,43.0
1819,53.0
2502,125.0
4360,61.3
4171,86.3
395,55.2
5603,85.1
4492,148.7
1365,65.0
5280,42.3
595,51.2
3952,132.0
4968,51.8
2914,56.3
2326,51.5
3766,79.0
3440,254.0
3851,135.5
4132,74.0
5397,62.1
2143,39.3
5345,79.8
5073,50.5
1571,235.0
4079,134.0
1122,40.5
2786,66.0
2967,107.5
2504,325.0
3465,188.5
675,85.7
2808,39.7
3348,173.0
728,68.5
412,144.0
3146,73.5
1516,55.0
825,67.0
3267,128.5
3974,38.0
616,61.9
114,47.5
417,91.1
3069,73.0
1625,92.5
5740,53.7
4185,77.1
2896,85.0
5417,72.9
2082,94.0
753,113.0
2546,69.5
3969,80.0
3373,151.5
4107,174.0
2444,55.0
4380,86.0
1066,58.5
3913,130.0
5287,56.8
3498,86.0
2738,58.0
5052,51.0
4000,94.4
1568,150.4
2427,54.0
3746,50.0
5376,57.2
1687,132.0
851,112.0
3546,212.0
895,170.2
4592,161.5
335,63.5
2839,61.5
3087,45.0
4611,96.7
1348,150.0
1015,251.0
2816,44.2
1631,57.3
2489,88.0
3730,40.6
3251,149.6
5370,104.1
2070,44.3
4452,70.3
5661,59.0
1635,71.0
4646,91.2
2479,80.0
2265,65.0
2959,218.0
5323,157.0
5743,69.5
3059,41.5
5053,58.7
2141,43.0
5104,96.8
3118,54.0
5188,112.1
5478,98.2
4045,61.3
3356,68.5
2744,74.0
5092,78.5
3506,105.0
1679,114.8
4249,211.0
3147,177.0
2294,34.2
580,199.2
1470,161.0
4799,124.0
4070,124.0
5308,122.5
3343,155.0
4992,48.1
4583,162.0
3672,54.0
559,37.9
5237,39.3
5215,328.0
2849,53.0
512,77.7
4729,94.0
1081,44.8
1664,91.0
1012,61.7
1931,136.7
1150,91.3
2838,61.5
116,67.2
740,84.2
5569,77.6
5177,71.9
3675,107.5
830,54.3
119,42.8
4752,50.0
5538,87.5
5494,206.0
5729,56.8
635,96.1
4465,59.9
4364,218.0
4142,159.6
991,151.0
876,110.8
4869,41.5
5315,153.2
5222,65.0
4,154.0
3051,98.5
3124,187.2
2660,30.0
2491,53.0
5173,124.0
3854,161.5
4933,67.7
4777,55.4
1715,60.0
1148,60.4
3261,99.0
574,65.0
3769,140.0
3736,150.5
4146,67.4
853,85.3
1982,63.0
2774,44.5
4929,78.0
5211,172.0
1166,35.0
971,50.5
2701,32.0
4495,277.0
3847,123.0
2368,55.4
4115,102.6
4780,57.7
4131,47.0
2950,150.0
524,52.0
2455,49.5
5016,67.3
1841,66.0
537,54.8
2806,45.7
4341,172.5
3175,65.1
784,72.6
4057,161.9
1409,57.0
2537,55.0
154,43.9
3009,63.0
1686,175.0
2901,54.0
5739,81.0
4721,104.0
3863,175.0
2733,44.5
1895,67.5
5442,167.0
569,35.0
1816,54.0
2065,44.0
127,57.0
3394,90.0
3327,111.2
5778,79.5
2975,39.5
980,32.0
2300,40.0
190,81.8
1139,41.6
5088,61.6
699,83.5
5539,82.0
606,124.0
4276,89.0
301,135.0
3420,58.0
5583,56.6
1060,43.0
2565,50.0
5789,75.0
1069,71.0
2524,38.5
2205,48.0
1243,86.8
16,60.4
3120,53.4
5780,36.0
4642,73.2
4754,121.0
815,118.0
3067,236.0
5544,82.9
959,51.1
4893,87.0
225,39.0
3354,194.0
2485,135.0
562,38.2
3436,93.4
1693,159.0
1045,42.3
3446,80.0
4565,59.0
954,55.6
5777,130.7
2735,44.3
5686,85.5
4735,140.0
5586,69.5
1218,54.0
5254,39.7
1527,77.0
3987,140.0
5720,191.5
1300,52.7
5672,61.5
160,45.6
4067,40.3
956,47.4
3791,61.0
3234,68.5
2869,45.5
3777,99.0
4433,89.8
4973,88.8
2961,69.0
2200,50.0
98,51.0
2557,185.0
3183,113.0
253,81.3
3923,112.8
4199,110.0
1445,67.0
1648,55.3
4682,101.0
4723,80.0
3991,97.0
1696,75.0
3191,172.0
4499,195.0
1154,110.2
2255,35.0
1682,156.0
3170,140.0
2056,37.0
4090,111.2
5656,71.9
3108,72.0
4548,122.0
3723,105.0
5423,51.7
2049,45.0
4976,44.5
3643,84.0
5715,170.5
623,91.2
262,90.6
3369,71.0
4061,89.0
5534,127.0
1802,86.7
4736,100.0
5787,111.0
2385,32.0
1959,55.5
2976,44.0
488,75.8
1843,95.5
1734,163.0
2911,45.0
3219,90.7
146,45.2
1986,45.0
1369,79.3
2811,43.8
659,43.9
1794,38.0
2511,69.0
3397,71.5
4282,95.5
1147,81.8
3272,202.0
608,71.2
3582,147.0
1930,142.0
197,57.0
2931,41.0
2327,46.0
4389,129.0
766,48.0
4496,209.0
4218,91.3
3255,181.3
202,57.2
3510,56.0
4931,145.0
5535,80.0
1733,70.0
2777,55.0
1707,48.4
5172,153.8
5249,33.7
3474,174.7
854,120.0
4737,90.0
4097,101.2
2160,38.7
698,70.2
5737,44.7
2999,32.5
3696,179.3
1636,77.0
3457,204.0
3581,272.0
1291,133.0
4659,64.7
1853,82.0
5232,39.4
3763,75.0
3304,47.3
5697,44.5
3743,53.7
3445,157.0
1998,52.0
663,99.0
4779,63.0
5353,60.1
3748,49.2
4413,176.0
4744,46.0
5530,81.5
5575,70.0
709,74.7
1282,161.0
5068,40.0
2675,35.0
4029,56.3
1306,35.0
5496,98.5
5504,62.3
2237,37.7
3302,45.0
5592,80.0
2038,40.8
1529,73.5
1663,121.5
5450,101.7
5722,139.0
5744,46.0
3627,107.0
5147,201.7
4891,71.0
2693,32.0
3060,68.6
1597,120.0
2729,49.5
2625,231.6
3157,72.3
3314,115.2
1722,108.0
5279,50.2
1059,105.0
4636,103.0
3242,113.5
1678,56.0
1757,47.2
4191,69.0
5116,205.0
563,44.2
2790,39.5
863,68.6
1484,99.6
5134,98.7
206,136.5
4488,56.0
870,70.5
4493,95.8
502,53.7
1028,86.0
3840,69.2
2690,57.0
5581,67.5
5056,46.2
1570,68.0
2773,58.5
2731,56.5
804,111.5
3645,116.0
2454,57.0
4598,102.0
3104,87.0
4875,162.0
200,37.0
3099,137.0
2278,88.5
3561,148.0
4474,60.2
4514,257.0
391,51.5
5618,44.0
5258,49.2
1495,109.0
2695,34.5
2027,41.0
5248,40.3
5463,119.0
2568,58.0
64,53.1
3884,190.5
2062,40.3
5276,35.0
492,52.5
379,71.9
4859,97.5
3993,77.2
4887,43.0
1076,113.0
878,111.2
337,70.0
1016,198.0
1275,126.0
3798,67.6
4551,137.7
3342,53.5
4911,47.6
995,53.4
1981,45.0
4297,60.6
161,34.5
5675,66.5
4798,111.0
1500,74.7
3843,128.0
5225,75.3
2613,77.3
3461,140.8
1021,68.2
3073,59.0
3943,105.0
1585,65.1
1955,131.8
3152,79.7
34,35.9
4014,87.0
775,55.9
2556,146.5
1478,133.6
5486,58.5
1363,62.3
2612,137.0
2824,85.0
2041,47.0
241,66.5
2061,39.0
2363,76.0
600,38.0
2435,64.0
5393,94.0
2888,33.0
646,50.5
3890,159.0
3556,249.0
3202,129.0
1528,39.4
1267,76.0
1899,87.0
4658,94.7
3005,41.0
2734,46.0
189,35.5
1806,90.0
975,89.0
2747,101.0
2047,36.0
2558,103.7
1082,41.0
474,76.5
2904,43.5
4843,181.0
4117,69.9
3385,41.4
4555,54.1
1184,45.7
5051,56.3
5311,101.5
2433,58.0
5611,119.8
2391,66.5
769,65.0
1685,204.0
130,111.0
2919,88.0
3171,157.7
3444,168.5
5578,103.0
4426,50.7
5334,113.6
466,69.5
5734,101.0
3092,70.0
3772,69.0
5191,102.0
5226,122.2
5390,49.6
860,48.5
