feature_set,model_name,feature,importance,importance_std,importance_type
baseline_condition_allowed,HistGradientBoostingRegressor,IRI_mean_x,33.97156792148756,0.8517633085343291,permutation_importance_neg_rmse_on_test
baseline_condition_allowed,HistGradientBoostingRegressor,AADT_Combination_mean_x,1.6176486382239055,0.29990661144892905,permutation_importance_neg_rmse_on_test
baseline_condition_allowed,HistGradientBoostingRegressor,Cracking_Percent_mean_x,0.7555650597479427,0.21130793853329288,permutation_importance_neg_rmse_on_test
baseline_condition_allowed,HistGradientBoostingRegressor,Future_AADT_mean_x,0.5604114704637148,0.26917656394594786,permutation_importance_neg_rmse_on_test
baseline_condition_allowed,HistGradientBoostingRegressor,FRZ_IDX_x,0.5508410254403572,0.08751473032002928,permutation_importance_neg_rmse_on_test
baseline_condition_allowed,HistGradientBoostingRegressor,Base_Thickness_mean_x,0.5431942718346541,0.21340871913330814,permutation_importance_neg_rmse_on_test
baseline_condition_allowed,HistGradientBoostingRegressor,Urban_Type,0.47146701797281454,0.08105337857883542,permutation_importance_neg_rmse_on_test
baseline_condition_allowed,HistGradientBoostingRegressor,PRECIPITATION_x,0.42711633381379244,0.14378794343506662,permutation_importance_neg_rmse_on_test
baseline_condition_allowed,HistGradientBoostingRegressor,TEMP_AVG_x,0.41665984832988057,0.15158783106941315,permutation_importance_neg_rmse_on_test
baseline_condition_allowed,HistGradientBoostingRegressor,Rutting_mean_x,0.33114995486711435,0.07997442067208177,permutation_importance_neg_rmse_on_test
baseline_condition_allowed,HistGradientBoostingRegressor,F_System_mode,0.2841301189302456,0.06977566996381337,permutation_importance_neg_rmse_on_test
baseline_condition_allowed,HistGradientBoostingRegressor,RHU_AV_x,0.2820301512913829,0.031384103525384496,permutation_importance_neg_rmse_on_test
baseline_condition_allowed,HistGradientBoostingRegressor,Age_x,0.23559208270199933,0.22118546836549727,permutation_importance_neg_rmse_on_test
baseline_condition_allowed,HistGradientBoostingRegressor,AADT_mean_x,0.23412255897079604,0.11471475594440012,permutation_importance_neg_rmse_on_test
baseline_condition_allowed,HistGradientBoostingRegressor,Last_Overlay_Thickness_mean_x,0.1932697645865673,0.05417496174100952,permutation_importance_neg_rmse_on_test
baseline_condition_allowed,HistGradientBoostingRegressor,AADT_Single_Unit_mean_x,0.1849453157851549,0.15861990097445963,permutation_importance_neg_rmse_on_test
baseline_condition_allowed,HistGradientBoostingRegressor,Thickness_Flexible_mean_x,0.1119537467634899,0.03088600687879812,permutation_importance_neg_rmse_on_test
baseline_condition_allowed,HistGradientBoostingRegressor,Base_Type_mode_x,0.09641431947667059,0.022119203522601452,permutation_importance_neg_rmse_on_test
baseline_condition_allowed,HistGradientBoostingRegressor,Surface_Type_mode,0.06945314448633014,0.1742043568242117,permutation_importance_neg_rmse_on_test
baseline_condition_allowed,HistGradientBoostingRegressor,Thickness_Rigid_mean_x,0.01780851562640464,0.01693315197267661,permutation_importance_neg_rmse_on_test
baseline_condition_allowed,HistGradientBoostingRegressor,Treatment_type,0.017777465031264938,0.009416893762675653,permutation_importance_neg_rmse_on_test
baseline_condition_allowed,HistGradientBoostingRegressor,Faulting_mean_x,-0.03137191838699138,0.018333657368773085,permutation_importance_neg_rmse_on_test
strict_no_prior_iri,HistGradientBoostingRegressor,Urban_Type,5.819151948297123,0.504930596020932,permutation_importance_neg_rmse_on_test
strict_no_prior_iri,HistGradientBoostingRegressor,F_System_mode,3.365838107067661,0.3442892777375235,permutation_importance_neg_rmse_on_test
strict_no_prior_iri,HistGradientBoostingRegressor,AADT_Combination_mean_x,3.18132652329099,0.1038199324329698,permutation_importance_neg_rmse_on_test
strict_no_prior_iri,HistGradientBoostingRegressor,TEMP_AVG_x,1.2623518484759757,0.28094848029079666,permutation_importance_neg_rmse_on_test
strict_no_prior_iri,HistGradientBoostingRegressor,Rutting_mean_x,1.0455067366644655,0.13153368325594467,permutation_importance_neg_rmse_on_test
strict_no_prior_iri,HistGradientBoostingRegressor,FRZ_IDX_x,0.9942078676496962,0.09143629206360461,permutation_importance_neg_rmse_on_test
strict_no_prior_iri,HistGradientBoostingRegressor,Age_x,0.7438541348497154,0.11737876409507542,permutation_importance_neg_rmse_on_test
strict_no_prior_iri,HistGradientBoostingRegressor,RHU_AV_x,0.7308854831484922,0.084847575277054,permutation_importance_neg_rmse_on_test
strict_no_prior_iri,HistGradientBoostingRegressor,PRECIPITATION_x,0.7133304356561538,0.0846960226282366,permutation_importance_neg_rmse_on_test
strict_no_prior_iri,HistGradientBoostingRegressor,Base_Thickness_mean_x,0.6991508000534778,0.22957727229812286,permutation_importance_neg_rmse_on_test
strict_no_prior_iri,HistGradientBoostingRegressor,Cracking_Percent_mean_x,0.6209192062755051,0.1824794626833709,permutation_importance_neg_rmse_on_test
strict_no_prior_iri,HistGradientBoostingRegressor,Thickness_Flexible_mean_x,0.5211612855212593,0.13912342934030641,permutation_importance_neg_rmse_on_test
strict_no_prior_iri,HistGradientBoostingRegressor,Surface_Type_mode,0.3863922780399719,0.11969271569766822,permutation_importance_neg_rmse_on_test
strict_no_prior_iri,HistGradientBoostingRegressor,Last_Overlay_Thickness_mean_x,0.31233054892784934,0.13010051611925733,permutation_importance_neg_rmse_on_test
strict_no_prior_iri,HistGradientBoostingRegressor,AADT_mean_x,0.3046420958189614,0.19921572280250419,permutation_importance_neg_rmse_on_test
strict_no_prior_iri,HistGradientBoostingRegressor,Faulting_mean_x,0.1218979658070154,0.04178096394139526,permutation_importance_neg_rmse_on_test
strict_no_prior_iri,HistGradientBoostingRegressor,Base_Type_mode_x,0.11458123849257333,0.032638457037538496,permutation_importance_neg_rmse_on_test
strict_no_prior_iri,HistGradientBoostingRegressor,AADT_Single_Unit_mean_x,0.1025555491198574,0.021718373694045976,permutation_importance_neg_rmse_on_test
strict_no_prior_iri,HistGradientBoostingRegressor,Thickness_Rigid_mean_x,0.04620670654978767,0.027536779433907792,permutation_importance_neg_rmse_on_test
strict_no_prior_iri,HistGradientBoostingRegressor,Treatment_type,0.029419897035184307,0.0163233109805647,permutation_importance_neg_rmse_on_test
strict_no_prior_iri,HistGradientBoostingRegressor,Future_AADT_mean_x,-6.480558987078666e-05,0.10334543164782826,permutation_importance_neg_rmse_on_test
